state_code,state_name,state_slug,category_slug,category_name,national_typical_years,national_low_years,national_high_years,state_adjustment_factor,modeled_state_typical_years,modeled_state_low_years,modeled_state_high_years,confidence,state_guide_url,appliance_state_guide_url,warrantyindex_url
AL,Alabama,alabama,refrigerators,Refrigerators,12.5,9,17,0.94,11.8,8.5,16,High,https://appliance-lifespan-guide.masterblaster1.chatgpt.site/visualisation/alabama,https://appliance-lifespan-guide.masterblaster1.chatgpt.site/appliances/refrigerators/life-expectancy/alabama,https://warrantyindex.com/alabama/
AL,Alabama,alabama,washers,Washing Machines,11.2,7,15,0.94,10.5,6.6,14.1,High,https://appliance-lifespan-guide.masterblaster1.chatgpt.site/visualisation/alabama,https://appliance-lifespan-guide.masterblaster1.chatgpt.site/appliances/washers/life-expectancy/alabama,https://warrantyindex.com/alabama/
AL,Alabama,alabama,dryers,Clothes Dryers,12.8,9,17,0.94,12,8.5,16,High,https://appliance-lifespan-guide.masterblaster1.chatgpt.site/visualisation/alabama,https://appliance-lifespan-guide.masterblaster1.chatgpt.site/appliances/dryers/life-expectancy/alabama,https://warrantyindex.com/alabama/
AL,Alabama,alabama,dishwashers,Dishwashers,9.6,7,13,0.94,9,6.6,12.2,High,https://appliance-lifespan-guide.masterblaster1.chatgpt.site/visualisation/alabama,https://appliance-lifespan-guide.masterblaster1.chatgpt.site/appliances/dishwashers/life-expectancy/alabama,https://warrantyindex.com/alabama/
AL,Alabama,alabama,ranges,Ranges & Ovens,15.5,10,20,0.94,14.6,9.4,18.8,High,https://appliance-lifespan-guide.masterblaster1.chatgpt.site/visualisation/alabama,https://appliance-lifespan-guide.masterblaster1.chatgpt.site/appliances/ranges/life-expectancy/alabama,https://warrantyindex.com/alabama/
AL,Alabama,alabama,microwaves,Microwaves,8.2,6,10,0.94,7.7,5.6,9.4,Medium,https://appliance-lifespan-guide.masterblaster1.chatgpt.site/visualisation/alabama,https://appliance-lifespan-guide.masterblaster1.chatgpt.site/appliances/microwaves/life-expectancy/alabama,https://warrantyindex.com/alabama/
AK,Alaska,alaska,refrigerators,Refrigerators,12.5,9,17,1.03,12.9,9.3,17.5,High,https://appliance-lifespan-guide.masterblaster1.chatgpt.site/visualisation/alaska,https://appliance-lifespan-guide.masterblaster1.chatgpt.site/appliances/refrigerators/life-expectancy/alaska,https://warrantyindex.com/alaska/
AK,Alaska,alaska,washers,Washing Machines,11.2,7,15,1.03,11.5,7.2,15.5,High,https://appliance-lifespan-guide.masterblaster1.chatgpt.site/visualisation/alaska,https://appliance-lifespan-guide.masterblaster1.chatgpt.site/appliances/washers/life-expectancy/alaska,https://warrantyindex.com/alaska/
AK,Alaska,alaska,dryers,Clothes Dryers,12.8,9,17,1.03,13.2,9.3,17.5,High,https://appliance-lifespan-guide.masterblaster1.chatgpt.site/visualisation/alaska,https://appliance-lifespan-guide.masterblaster1.chatgpt.site/appliances/dryers/life-expectancy/alaska,https://warrantyindex.com/alaska/
AK,Alaska,alaska,dishwashers,Dishwashers,9.6,7,13,1.03,9.9,7.2,13.4,High,https://appliance-lifespan-guide.masterblaster1.chatgpt.site/visualisation/alaska,https://appliance-lifespan-guide.masterblaster1.chatgpt.site/appliances/dishwashers/life-expectancy/alaska,https://warrantyindex.com/alaska/
AK,Alaska,alaska,ranges,Ranges & Ovens,15.5,10,20,1.03,16,10.3,20.6,High,https://appliance-lifespan-guide.masterblaster1.chatgpt.site/visualisation/alaska,https://appliance-lifespan-guide.masterblaster1.chatgpt.site/appliances/ranges/life-expectancy/alaska,https://warrantyindex.com/alaska/
AK,Alaska,alaska,microwaves,Microwaves,8.2,6,10,1.03,8.4,6.2,10.3,Medium,https://appliance-lifespan-guide.masterblaster1.chatgpt.site/visualisation/alaska,https://appliance-lifespan-guide.masterblaster1.chatgpt.site/appliances/microwaves/life-expectancy/alaska,https://warrantyindex.com/alaska/
AZ,Arizona,arizona,refrigerators,Refrigerators,12.5,9,17,0.95,11.9,8.5,16.1,High,https://appliance-lifespan-guide.masterblaster1.chatgpt.site/visualisation/arizona,https://appliance-lifespan-guide.masterblaster1.chatgpt.site/appliances/refrigerators/life-expectancy/arizona,https://warrantyindex.com/arizona/
AZ,Arizona,arizona,washers,Washing Machines,11.2,7,15,0.95,10.6,6.6,14.3,High,https://appliance-lifespan-guide.masterblaster1.chatgpt.site/visualisation/arizona,https://appliance-lifespan-guide.masterblaster1.chatgpt.site/appliances/washers/life-expectancy/arizona,https://warrantyindex.com/arizona/
AZ,Arizona,arizona,dryers,Clothes Dryers,12.8,9,17,0.95,12.2,8.5,16.1,High,https://appliance-lifespan-guide.masterblaster1.chatgpt.site/visualisation/arizona,https://appliance-lifespan-guide.masterblaster1.chatgpt.site/appliances/dryers/life-expectancy/arizona,https://warrantyindex.com/arizona/
AZ,Arizona,arizona,dishwashers,Dishwashers,9.6,7,13,0.95,9.1,6.6,12.3,High,https://appliance-lifespan-guide.masterblaster1.chatgpt.site/visualisation/arizona,https://appliance-lifespan-guide.masterblaster1.chatgpt.site/appliances/dishwashers/life-expectancy/arizona,https://warrantyindex.com/arizona/
AZ,Arizona,arizona,ranges,Ranges & Ovens,15.5,10,20,0.95,14.7,9.5,19,High,https://appliance-lifespan-guide.masterblaster1.chatgpt.site/visualisation/arizona,https://appliance-lifespan-guide.masterblaster1.chatgpt.site/appliances/ranges/life-expectancy/arizona,https://warrantyindex.com/arizona/
AZ,Arizona,arizona,microwaves,Microwaves,8.2,6,10,0.95,7.8,5.7,9.5,Medium,https://appliance-lifespan-guide.masterblaster1.chatgpt.site/visualisation/arizona,https://appliance-lifespan-guide.masterblaster1.chatgpt.site/appliances/microwaves/life-expectancy/arizona,https://warrantyindex.com/arizona/
AR,Arkansas,arkansas,refrigerators,Refrigerators,12.5,9,17,0.96,12,8.6,16.3,High,https://appliance-lifespan-guide.masterblaster1.chatgpt.site/visualisation/arkansas,https://appliance-lifespan-guide.masterblaster1.chatgpt.site/appliances/refrigerators/life-expectancy/arkansas,https://warrantyindex.com/arkansas/
AR,Arkansas,arkansas,washers,Washing Machines,11.2,7,15,0.96,10.8,6.7,14.4,High,https://appliance-lifespan-guide.masterblaster1.chatgpt.site/visualisation/arkansas,https://appliance-lifespan-guide.masterblaster1.chatgpt.site/appliances/washers/life-expectancy/arkansas,https://warrantyindex.com/arkansas/
AR,Arkansas,arkansas,dryers,Clothes Dryers,12.8,9,17,0.96,12.3,8.6,16.3,High,https://appliance-lifespan-guide.masterblaster1.chatgpt.site/visualisation/arkansas,https://appliance-lifespan-guide.masterblaster1.chatgpt.site/appliances/dryers/life-expectancy/arkansas,https://warrantyindex.com/arkansas/
AR,Arkansas,arkansas,dishwashers,Dishwashers,9.6,7,13,0.96,9.2,6.7,12.5,High,https://appliance-lifespan-guide.masterblaster1.chatgpt.site/visualisation/arkansas,https://appliance-lifespan-guide.masterblaster1.chatgpt.site/appliances/dishwashers/life-expectancy/arkansas,https://warrantyindex.com/arkansas/
AR,Arkansas,arkansas,ranges,Ranges & Ovens,15.5,10,20,0.96,14.9,9.6,19.2,High,https://appliance-lifespan-guide.masterblaster1.chatgpt.site/visualisation/arkansas,https://appliance-lifespan-guide.masterblaster1.chatgpt.site/appliances/ranges/life-expectancy/arkansas,https://warrantyindex.com/arkansas/
AR,Arkansas,arkansas,microwaves,Microwaves,8.2,6,10,0.96,7.9,5.8,9.6,Medium,https://appliance-lifespan-guide.masterblaster1.chatgpt.site/visualisation/arkansas,https://appliance-lifespan-guide.masterblaster1.chatgpt.site/appliances/microwaves/life-expectancy/arkansas,https://warrantyindex.com/arkansas/
CA,California,california,refrigerators,Refrigerators,12.5,9,17,1,12.5,9,17,High,https://appliance-lifespan-guide.masterblaster1.chatgpt.site/visualisation/california,https://appliance-lifespan-guide.masterblaster1.chatgpt.site/appliances/refrigerators/life-expectancy/california,https://warrantyindex.com/california/
CA,California,california,washers,Washing Machines,11.2,7,15,1,11.2,7,15,High,https://appliance-lifespan-guide.masterblaster1.chatgpt.site/visualisation/california,https://appliance-lifespan-guide.masterblaster1.chatgpt.site/appliances/washers/life-expectancy/california,https://warrantyindex.com/california/
CA,California,california,dryers,Clothes Dryers,12.8,9,17,1,12.8,9,17,High,https://appliance-lifespan-guide.masterblaster1.chatgpt.site/visualisation/california,https://appliance-lifespan-guide.masterblaster1.chatgpt.site/appliances/dryers/life-expectancy/california,https://warrantyindex.com/california/
CA,California,california,dishwashers,Dishwashers,9.6,7,13,1,9.6,7,13,High,https://appliance-lifespan-guide.masterblaster1.chatgpt.site/visualisation/california,https://appliance-lifespan-guide.masterblaster1.chatgpt.site/appliances/dishwashers/life-expectancy/california,https://warrantyindex.com/california/
CA,California,california,ranges,Ranges & Ovens,15.5,10,20,1,15.5,10,20,High,https://appliance-lifespan-guide.masterblaster1.chatgpt.site/visualisation/california,https://appliance-lifespan-guide.masterblaster1.chatgpt.site/appliances/ranges/life-expectancy/california,https://warrantyindex.com/california/
CA,California,california,microwaves,Microwaves,8.2,6,10,1,8.2,6,10,Medium,https://appliance-lifespan-guide.masterblaster1.chatgpt.site/visualisation/california,https://appliance-lifespan-guide.masterblaster1.chatgpt.site/appliances/microwaves/life-expectancy/california,https://warrantyindex.com/california/
CO,Colorado,colorado,refrigerators,Refrigerators,12.5,9,17,1.02,12.8,9.2,17.3,High,https://appliance-lifespan-guide.masterblaster1.chatgpt.site/visualisation/colorado,https://appliance-lifespan-guide.masterblaster1.chatgpt.site/appliances/refrigerators/life-expectancy/colorado,https://warrantyindex.com/colorado/
CO,Colorado,colorado,washers,Washing Machines,11.2,7,15,1.02,11.4,7.1,15.3,High,https://appliance-lifespan-guide.masterblaster1.chatgpt.site/visualisation/colorado,https://appliance-lifespan-guide.masterblaster1.chatgpt.site/appliances/washers/life-expectancy/colorado,https://warrantyindex.com/colorado/
CO,Colorado,colorado,dryers,Clothes Dryers,12.8,9,17,1.02,13.1,9.2,17.3,High,https://appliance-lifespan-guide.masterblaster1.chatgpt.site/visualisation/colorado,https://appliance-lifespan-guide.masterblaster1.chatgpt.site/appliances/dryers/life-expectancy/colorado,https://warrantyindex.com/colorado/
CO,Colorado,colorado,dishwashers,Dishwashers,9.6,7,13,1.02,9.8,7.1,13.3,High,https://appliance-lifespan-guide.masterblaster1.chatgpt.site/visualisation/colorado,https://appliance-lifespan-guide.masterblaster1.chatgpt.site/appliances/dishwashers/life-expectancy/colorado,https://warrantyindex.com/colorado/
CO,Colorado,colorado,ranges,Ranges & Ovens,15.5,10,20,1.02,15.8,10.2,20.4,High,https://appliance-lifespan-guide.masterblaster1.chatgpt.site/visualisation/colorado,https://appliance-lifespan-guide.masterblaster1.chatgpt.site/appliances/ranges/life-expectancy/colorado,https://warrantyindex.com/colorado/
CO,Colorado,colorado,microwaves,Microwaves,8.2,6,10,1.02,8.4,6.1,10.2,Medium,https://appliance-lifespan-guide.masterblaster1.chatgpt.site/visualisation/colorado,https://appliance-lifespan-guide.masterblaster1.chatgpt.site/appliances/microwaves/life-expectancy/colorado,https://warrantyindex.com/colorado/
CT,Connecticut,connecticut,refrigerators,Refrigerators,12.5,9,17,1.01,12.6,9.1,17.2,High,https://appliance-lifespan-guide.masterblaster1.chatgpt.site/visualisation/connecticut,https://appliance-lifespan-guide.masterblaster1.chatgpt.site/appliances/refrigerators/life-expectancy/connecticut,https://warrantyindex.com/connecticut/
CT,Connecticut,connecticut,washers,Washing Machines,11.2,7,15,1.01,11.3,7.1,15.2,High,https://appliance-lifespan-guide.masterblaster1.chatgpt.site/visualisation/connecticut,https://appliance-lifespan-guide.masterblaster1.chatgpt.site/appliances/washers/life-expectancy/connecticut,https://warrantyindex.com/connecticut/
CT,Connecticut,connecticut,dryers,Clothes Dryers,12.8,9,17,1.01,12.9,9.1,17.2,High,https://appliance-lifespan-guide.masterblaster1.chatgpt.site/visualisation/connecticut,https://appliance-lifespan-guide.masterblaster1.chatgpt.site/appliances/dryers/life-expectancy/connecticut,https://warrantyindex.com/connecticut/
CT,Connecticut,connecticut,dishwashers,Dishwashers,9.6,7,13,1.01,9.7,7.1,13.1,High,https://appliance-lifespan-guide.masterblaster1.chatgpt.site/visualisation/connecticut,https://appliance-lifespan-guide.masterblaster1.chatgpt.site/appliances/dishwashers/life-expectancy/connecticut,https://warrantyindex.com/connecticut/
CT,Connecticut,connecticut,ranges,Ranges & Ovens,15.5,10,20,1.01,15.7,10.1,20.2,High,https://appliance-lifespan-guide.masterblaster1.chatgpt.site/visualisation/connecticut,https://appliance-lifespan-guide.masterblaster1.chatgpt.site/appliances/ranges/life-expectancy/connecticut,https://warrantyindex.com/connecticut/
CT,Connecticut,connecticut,microwaves,Microwaves,8.2,6,10,1.01,8.3,6.1,10.1,Medium,https://appliance-lifespan-guide.masterblaster1.chatgpt.site/visualisation/connecticut,https://appliance-lifespan-guide.masterblaster1.chatgpt.site/appliances/microwaves/life-expectancy/connecticut,https://warrantyindex.com/connecticut/
DE,Delaware,delaware,refrigerators,Refrigerators,12.5,9,17,0.97,12.1,8.7,16.5,High,https://appliance-lifespan-guide.masterblaster1.chatgpt.site/visualisation/delaware,https://appliance-lifespan-guide.masterblaster1.chatgpt.site/appliances/refrigerators/life-expectancy/delaware,https://warrantyindex.com/delaware/
DE,Delaware,delaware,washers,Washing Machines,11.2,7,15,0.97,10.9,6.8,14.5,High,https://appliance-lifespan-guide.masterblaster1.chatgpt.site/visualisation/delaware,https://appliance-lifespan-guide.masterblaster1.chatgpt.site/appliances/washers/life-expectancy/delaware,https://warrantyindex.com/delaware/
DE,Delaware,delaware,dryers,Clothes Dryers,12.8,9,17,0.97,12.4,8.7,16.5,High,https://appliance-lifespan-guide.masterblaster1.chatgpt.site/visualisation/delaware,https://appliance-lifespan-guide.masterblaster1.chatgpt.site/appliances/dryers/life-expectancy/delaware,https://warrantyindex.com/delaware/
DE,Delaware,delaware,dishwashers,Dishwashers,9.6,7,13,0.97,9.3,6.8,12.6,High,https://appliance-lifespan-guide.masterblaster1.chatgpt.site/visualisation/delaware,https://appliance-lifespan-guide.masterblaster1.chatgpt.site/appliances/dishwashers/life-expectancy/delaware,https://warrantyindex.com/delaware/
DE,Delaware,delaware,ranges,Ranges & Ovens,15.5,10,20,0.97,15,9.7,19.4,High,https://appliance-lifespan-guide.masterblaster1.chatgpt.site/visualisation/delaware,https://appliance-lifespan-guide.masterblaster1.chatgpt.site/appliances/ranges/life-expectancy/delaware,https://warrantyindex.com/delaware/
DE,Delaware,delaware,microwaves,Microwaves,8.2,6,10,0.97,8,5.8,9.7,Medium,https://appliance-lifespan-guide.masterblaster1.chatgpt.site/visualisation/delaware,https://appliance-lifespan-guide.masterblaster1.chatgpt.site/appliances/microwaves/life-expectancy/delaware,https://warrantyindex.com/delaware/
FL,Florida,florida,refrigerators,Refrigerators,12.5,9,17,0.91,11.4,8.2,15.5,High,https://appliance-lifespan-guide.masterblaster1.chatgpt.site/visualisation/florida,https://appliance-lifespan-guide.masterblaster1.chatgpt.site/appliances/refrigerators/life-expectancy/florida,https://warrantyindex.com/florida/
FL,Florida,florida,washers,Washing Machines,11.2,7,15,0.91,10.2,6.4,13.7,High,https://appliance-lifespan-guide.masterblaster1.chatgpt.site/visualisation/florida,https://appliance-lifespan-guide.masterblaster1.chatgpt.site/appliances/washers/life-expectancy/florida,https://warrantyindex.com/florida/
FL,Florida,florida,dryers,Clothes Dryers,12.8,9,17,0.91,11.6,8.2,15.5,High,https://appliance-lifespan-guide.masterblaster1.chatgpt.site/visualisation/florida,https://appliance-lifespan-guide.masterblaster1.chatgpt.site/appliances/dryers/life-expectancy/florida,https://warrantyindex.com/florida/
FL,Florida,florida,dishwashers,Dishwashers,9.6,7,13,0.91,8.7,6.4,11.8,High,https://appliance-lifespan-guide.masterblaster1.chatgpt.site/visualisation/florida,https://appliance-lifespan-guide.masterblaster1.chatgpt.site/appliances/dishwashers/life-expectancy/florida,https://warrantyindex.com/florida/
FL,Florida,florida,ranges,Ranges & Ovens,15.5,10,20,0.91,14.1,9.1,18.2,High,https://appliance-lifespan-guide.masterblaster1.chatgpt.site/visualisation/florida,https://appliance-lifespan-guide.masterblaster1.chatgpt.site/appliances/ranges/life-expectancy/florida,https://warrantyindex.com/florida/
FL,Florida,florida,microwaves,Microwaves,8.2,6,10,0.91,7.5,5.5,9.1,Medium,https://appliance-lifespan-guide.masterblaster1.chatgpt.site/visualisation/florida,https://appliance-lifespan-guide.masterblaster1.chatgpt.site/appliances/microwaves/life-expectancy/florida,https://warrantyindex.com/florida/
GA,Georgia,georgia,refrigerators,Refrigerators,12.5,9,17,0.94,11.8,8.5,16,High,https://appliance-lifespan-guide.masterblaster1.chatgpt.site/visualisation/georgia,https://appliance-lifespan-guide.masterblaster1.chatgpt.site/appliances/refrigerators/life-expectancy/georgia,https://warrantyindex.com/georgia/
GA,Georgia,georgia,washers,Washing Machines,11.2,7,15,0.94,10.5,6.6,14.1,High,https://appliance-lifespan-guide.masterblaster1.chatgpt.site/visualisation/georgia,https://appliance-lifespan-guide.masterblaster1.chatgpt.site/appliances/washers/life-expectancy/georgia,https://warrantyindex.com/georgia/
GA,Georgia,georgia,dryers,Clothes Dryers,12.8,9,17,0.94,12,8.5,16,High,https://appliance-lifespan-guide.masterblaster1.chatgpt.site/visualisation/georgia,https://appliance-lifespan-guide.masterblaster1.chatgpt.site/appliances/dryers/life-expectancy/georgia,https://warrantyindex.com/georgia/
GA,Georgia,georgia,dishwashers,Dishwashers,9.6,7,13,0.94,9,6.6,12.2,High,https://appliance-lifespan-guide.masterblaster1.chatgpt.site/visualisation/georgia,https://appliance-lifespan-guide.masterblaster1.chatgpt.site/appliances/dishwashers/life-expectancy/georgia,https://warrantyindex.com/georgia/
GA,Georgia,georgia,ranges,Ranges & Ovens,15.5,10,20,0.94,14.6,9.4,18.8,High,https://appliance-lifespan-guide.masterblaster1.chatgpt.site/visualisation/georgia,https://appliance-lifespan-guide.masterblaster1.chatgpt.site/appliances/ranges/life-expectancy/georgia,https://warrantyindex.com/georgia/
GA,Georgia,georgia,microwaves,Microwaves,8.2,6,10,0.94,7.7,5.6,9.4,Medium,https://appliance-lifespan-guide.masterblaster1.chatgpt.site/visualisation/georgia,https://appliance-lifespan-guide.masterblaster1.chatgpt.site/appliances/microwaves/life-expectancy/georgia,https://warrantyindex.com/georgia/
HI,Hawaii,hawaii,refrigerators,Refrigerators,12.5,9,17,0.92,11.5,8.3,15.6,High,https://appliance-lifespan-guide.masterblaster1.chatgpt.site/visualisation/hawaii,https://appliance-lifespan-guide.masterblaster1.chatgpt.site/appliances/refrigerators/life-expectancy/hawaii,https://warrantyindex.com/hawaii/
HI,Hawaii,hawaii,washers,Washing Machines,11.2,7,15,0.92,10.3,6.4,13.8,High,https://appliance-lifespan-guide.masterblaster1.chatgpt.site/visualisation/hawaii,https://appliance-lifespan-guide.masterblaster1.chatgpt.site/appliances/washers/life-expectancy/hawaii,https://warrantyindex.com/hawaii/
HI,Hawaii,hawaii,dryers,Clothes Dryers,12.8,9,17,0.92,11.8,8.3,15.6,High,https://appliance-lifespan-guide.masterblaster1.chatgpt.site/visualisation/hawaii,https://appliance-lifespan-guide.masterblaster1.chatgpt.site/appliances/dryers/life-expectancy/hawaii,https://warrantyindex.com/hawaii/
HI,Hawaii,hawaii,dishwashers,Dishwashers,9.6,7,13,0.92,8.8,6.4,12,High,https://appliance-lifespan-guide.masterblaster1.chatgpt.site/visualisation/hawaii,https://appliance-lifespan-guide.masterblaster1.chatgpt.site/appliances/dishwashers/life-expectancy/hawaii,https://warrantyindex.com/hawaii/
HI,Hawaii,hawaii,ranges,Ranges & Ovens,15.5,10,20,0.92,14.3,9.2,18.4,High,https://appliance-lifespan-guide.masterblaster1.chatgpt.site/visualisation/hawaii,https://appliance-lifespan-guide.masterblaster1.chatgpt.site/appliances/ranges/life-expectancy/hawaii,https://warrantyindex.com/hawaii/
HI,Hawaii,hawaii,microwaves,Microwaves,8.2,6,10,0.92,7.5,5.5,9.2,Medium,https://appliance-lifespan-guide.masterblaster1.chatgpt.site/visualisation/hawaii,https://appliance-lifespan-guide.masterblaster1.chatgpt.site/appliances/microwaves/life-expectancy/hawaii,https://warrantyindex.com/hawaii/
ID,Idaho,idaho,refrigerators,Refrigerators,12.5,9,17,1.03,12.9,9.3,17.5,High,https://appliance-lifespan-guide.masterblaster1.chatgpt.site/visualisation/idaho,https://appliance-lifespan-guide.masterblaster1.chatgpt.site/appliances/refrigerators/life-expectancy/idaho,https://warrantyindex.com/idaho/
ID,Idaho,idaho,washers,Washing Machines,11.2,7,15,1.03,11.5,7.2,15.5,High,https://appliance-lifespan-guide.masterblaster1.chatgpt.site/visualisation/idaho,https://appliance-lifespan-guide.masterblaster1.chatgpt.site/appliances/washers/life-expectancy/idaho,https://warrantyindex.com/idaho/
ID,Idaho,idaho,dryers,Clothes Dryers,12.8,9,17,1.03,13.2,9.3,17.5,High,https://appliance-lifespan-guide.masterblaster1.chatgpt.site/visualisation/idaho,https://appliance-lifespan-guide.masterblaster1.chatgpt.site/appliances/dryers/life-expectancy/idaho,https://warrantyindex.com/idaho/
ID,Idaho,idaho,dishwashers,Dishwashers,9.6,7,13,1.03,9.9,7.2,13.4,High,https://appliance-lifespan-guide.masterblaster1.chatgpt.site/visualisation/idaho,https://appliance-lifespan-guide.masterblaster1.chatgpt.site/appliances/dishwashers/life-expectancy/idaho,https://warrantyindex.com/idaho/
ID,Idaho,idaho,ranges,Ranges & Ovens,15.5,10,20,1.03,16,10.3,20.6,High,https://appliance-lifespan-guide.masterblaster1.chatgpt.site/visualisation/idaho,https://appliance-lifespan-guide.masterblaster1.chatgpt.site/appliances/ranges/life-expectancy/idaho,https://warrantyindex.com/idaho/
ID,Idaho,idaho,microwaves,Microwaves,8.2,6,10,1.03,8.4,6.2,10.3,Medium,https://appliance-lifespan-guide.masterblaster1.chatgpt.site/visualisation/idaho,https://appliance-lifespan-guide.masterblaster1.chatgpt.site/appliances/microwaves/life-expectancy/idaho,https://warrantyindex.com/idaho/
IL,Illinois,illinois,refrigerators,Refrigerators,12.5,9,17,1,12.5,9,17,High,https://appliance-lifespan-guide.masterblaster1.chatgpt.site/visualisation/illinois,https://appliance-lifespan-guide.masterblaster1.chatgpt.site/appliances/refrigerators/life-expectancy/illinois,https://warrantyindex.com/illinois/
IL,Illinois,illinois,washers,Washing Machines,11.2,7,15,1,11.2,7,15,High,https://appliance-lifespan-guide.masterblaster1.chatgpt.site/visualisation/illinois,https://appliance-lifespan-guide.masterblaster1.chatgpt.site/appliances/washers/life-expectancy/illinois,https://warrantyindex.com/illinois/
IL,Illinois,illinois,dryers,Clothes Dryers,12.8,9,17,1,12.8,9,17,High,https://appliance-lifespan-guide.masterblaster1.chatgpt.site/visualisation/illinois,https://appliance-lifespan-guide.masterblaster1.chatgpt.site/appliances/dryers/life-expectancy/illinois,https://warrantyindex.com/illinois/
IL,Illinois,illinois,dishwashers,Dishwashers,9.6,7,13,1,9.6,7,13,High,https://appliance-lifespan-guide.masterblaster1.chatgpt.site/visualisation/illinois,https://appliance-lifespan-guide.masterblaster1.chatgpt.site/appliances/dishwashers/life-expectancy/illinois,https://warrantyindex.com/illinois/
IL,Illinois,illinois,ranges,Ranges & Ovens,15.5,10,20,1,15.5,10,20,High,https://appliance-lifespan-guide.masterblaster1.chatgpt.site/visualisation/illinois,https://appliance-lifespan-guide.masterblaster1.chatgpt.site/appliances/ranges/life-expectancy/illinois,https://warrantyindex.com/illinois/
IL,Illinois,illinois,microwaves,Microwaves,8.2,6,10,1,8.2,6,10,Medium,https://appliance-lifespan-guide.masterblaster1.chatgpt.site/visualisation/illinois,https://appliance-lifespan-guide.masterblaster1.chatgpt.site/appliances/microwaves/life-expectancy/illinois,https://warrantyindex.com/illinois/
IN,Indiana,indiana,refrigerators,Refrigerators,12.5,9,17,1,12.5,9,17,High,https://appliance-lifespan-guide.masterblaster1.chatgpt.site/visualisation/indiana,https://appliance-lifespan-guide.masterblaster1.chatgpt.site/appliances/refrigerators/life-expectancy/indiana,https://warrantyindex.com/indiana/
IN,Indiana,indiana,washers,Washing Machines,11.2,7,15,1,11.2,7,15,High,https://appliance-lifespan-guide.masterblaster1.chatgpt.site/visualisation/indiana,https://appliance-lifespan-guide.masterblaster1.chatgpt.site/appliances/washers/life-expectancy/indiana,https://warrantyindex.com/indiana/
IN,Indiana,indiana,dryers,Clothes Dryers,12.8,9,17,1,12.8,9,17,High,https://appliance-lifespan-guide.masterblaster1.chatgpt.site/visualisation/indiana,https://appliance-lifespan-guide.masterblaster1.chatgpt.site/appliances/dryers/life-expectancy/indiana,https://warrantyindex.com/indiana/
IN,Indiana,indiana,dishwashers,Dishwashers,9.6,7,13,1,9.6,7,13,High,https://appliance-lifespan-guide.masterblaster1.chatgpt.site/visualisation/indiana,https://appliance-lifespan-guide.masterblaster1.chatgpt.site/appliances/dishwashers/life-expectancy/indiana,https://warrantyindex.com/indiana/
IN,Indiana,indiana,ranges,Ranges & Ovens,15.5,10,20,1,15.5,10,20,High,https://appliance-lifespan-guide.masterblaster1.chatgpt.site/visualisation/indiana,https://appliance-lifespan-guide.masterblaster1.chatgpt.site/appliances/ranges/life-expectancy/indiana,https://warrantyindex.com/indiana/
IN,Indiana,indiana,microwaves,Microwaves,8.2,6,10,1,8.2,6,10,Medium,https://appliance-lifespan-guide.masterblaster1.chatgpt.site/visualisation/indiana,https://appliance-lifespan-guide.masterblaster1.chatgpt.site/appliances/microwaves/life-expectancy/indiana,https://warrantyindex.com/indiana/
IA,Iowa,iowa,refrigerators,Refrigerators,12.5,9,17,1.01,12.6,9.1,17.2,High,https://appliance-lifespan-guide.masterblaster1.chatgpt.site/visualisation/iowa,https://appliance-lifespan-guide.masterblaster1.chatgpt.site/appliances/refrigerators/life-expectancy/iowa,https://warrantyindex.com/iowa/
IA,Iowa,iowa,washers,Washing Machines,11.2,7,15,1.01,11.3,7.1,15.2,High,https://appliance-lifespan-guide.masterblaster1.chatgpt.site/visualisation/iowa,https://appliance-lifespan-guide.masterblaster1.chatgpt.site/appliances/washers/life-expectancy/iowa,https://warrantyindex.com/iowa/
IA,Iowa,iowa,dryers,Clothes Dryers,12.8,9,17,1.01,12.9,9.1,17.2,High,https://appliance-lifespan-guide.masterblaster1.chatgpt.site/visualisation/iowa,https://appliance-lifespan-guide.masterblaster1.chatgpt.site/appliances/dryers/life-expectancy/iowa,https://warrantyindex.com/iowa/
IA,Iowa,iowa,dishwashers,Dishwashers,9.6,7,13,1.01,9.7,7.1,13.1,High,https://appliance-lifespan-guide.masterblaster1.chatgpt.site/visualisation/iowa,https://appliance-lifespan-guide.masterblaster1.chatgpt.site/appliances/dishwashers/life-expectancy/iowa,https://warrantyindex.com/iowa/
IA,Iowa,iowa,ranges,Ranges & Ovens,15.5,10,20,1.01,15.7,10.1,20.2,High,https://appliance-lifespan-guide.masterblaster1.chatgpt.site/visualisation/iowa,https://appliance-lifespan-guide.masterblaster1.chatgpt.site/appliances/ranges/life-expectancy/iowa,https://warrantyindex.com/iowa/
IA,Iowa,iowa,microwaves,Microwaves,8.2,6,10,1.01,8.3,6.1,10.1,Medium,https://appliance-lifespan-guide.masterblaster1.chatgpt.site/visualisation/iowa,https://appliance-lifespan-guide.masterblaster1.chatgpt.site/appliances/microwaves/life-expectancy/iowa,https://warrantyindex.com/iowa/
KS,Kansas,kansas,refrigerators,Refrigerators,12.5,9,17,0.99,12.4,8.9,16.8,High,https://appliance-lifespan-guide.masterblaster1.chatgpt.site/visualisation/kansas,https://appliance-lifespan-guide.masterblaster1.chatgpt.site/appliances/refrigerators/life-expectancy/kansas,https://warrantyindex.com/kansas/
KS,Kansas,kansas,washers,Washing Machines,11.2,7,15,0.99,11.1,6.9,14.8,High,https://appliance-lifespan-guide.masterblaster1.chatgpt.site/visualisation/kansas,https://appliance-lifespan-guide.masterblaster1.chatgpt.site/appliances/washers/life-expectancy/kansas,https://warrantyindex.com/kansas/
KS,Kansas,kansas,dryers,Clothes Dryers,12.8,9,17,0.99,12.7,8.9,16.8,High,https://appliance-lifespan-guide.masterblaster1.chatgpt.site/visualisation/kansas,https://appliance-lifespan-guide.masterblaster1.chatgpt.site/appliances/dryers/life-expectancy/kansas,https://warrantyindex.com/kansas/
KS,Kansas,kansas,dishwashers,Dishwashers,9.6,7,13,0.99,9.5,6.9,12.9,High,https://appliance-lifespan-guide.masterblaster1.chatgpt.site/visualisation/kansas,https://appliance-lifespan-guide.masterblaster1.chatgpt.site/appliances/dishwashers/life-expectancy/kansas,https://warrantyindex.com/kansas/
KS,Kansas,kansas,ranges,Ranges & Ovens,15.5,10,20,0.99,15.3,9.9,19.8,High,https://appliance-lifespan-guide.masterblaster1.chatgpt.site/visualisation/kansas,https://appliance-lifespan-guide.masterblaster1.chatgpt.site/appliances/ranges/life-expectancy/kansas,https://warrantyindex.com/kansas/
KS,Kansas,kansas,microwaves,Microwaves,8.2,6,10,0.99,8.1,5.9,9.9,Medium,https://appliance-lifespan-guide.masterblaster1.chatgpt.site/visualisation/kansas,https://appliance-lifespan-guide.masterblaster1.chatgpt.site/appliances/microwaves/life-expectancy/kansas,https://warrantyindex.com/kansas/
KY,Kentucky,kentucky,refrigerators,Refrigerators,12.5,9,17,0.97,12.1,8.7,16.5,High,https://appliance-lifespan-guide.masterblaster1.chatgpt.site/visualisation/kentucky,https://appliance-lifespan-guide.masterblaster1.chatgpt.site/appliances/refrigerators/life-expectancy/kentucky,https://warrantyindex.com/kentucky/
KY,Kentucky,kentucky,washers,Washing Machines,11.2,7,15,0.97,10.9,6.8,14.5,High,https://appliance-lifespan-guide.masterblaster1.chatgpt.site/visualisation/kentucky,https://appliance-lifespan-guide.masterblaster1.chatgpt.site/appliances/washers/life-expectancy/kentucky,https://warrantyindex.com/kentucky/
KY,Kentucky,kentucky,dryers,Clothes Dryers,12.8,9,17,0.97,12.4,8.7,16.5,High,https://appliance-lifespan-guide.masterblaster1.chatgpt.site/visualisation/kentucky,https://appliance-lifespan-guide.masterblaster1.chatgpt.site/appliances/dryers/life-expectancy/kentucky,https://warrantyindex.com/kentucky/
KY,Kentucky,kentucky,dishwashers,Dishwashers,9.6,7,13,0.97,9.3,6.8,12.6,High,https://appliance-lifespan-guide.masterblaster1.chatgpt.site/visualisation/kentucky,https://appliance-lifespan-guide.masterblaster1.chatgpt.site/appliances/dishwashers/life-expectancy/kentucky,https://warrantyindex.com/kentucky/
KY,Kentucky,kentucky,ranges,Ranges & Ovens,15.5,10,20,0.97,15,9.7,19.4,High,https://appliance-lifespan-guide.masterblaster1.chatgpt.site/visualisation/kentucky,https://appliance-lifespan-guide.masterblaster1.chatgpt.site/appliances/ranges/life-expectancy/kentucky,https://warrantyindex.com/kentucky/
KY,Kentucky,kentucky,microwaves,Microwaves,8.2,6,10,0.97,8,5.8,9.7,Medium,https://appliance-lifespan-guide.masterblaster1.chatgpt.site/visualisation/kentucky,https://appliance-lifespan-guide.masterblaster1.chatgpt.site/appliances/microwaves/life-expectancy/kentucky,https://warrantyindex.com/kentucky/
LA,Louisiana,louisiana,refrigerators,Refrigerators,12.5,9,17,0.91,11.4,8.2,15.5,High,https://appliance-lifespan-guide.masterblaster1.chatgpt.site/visualisation/louisiana,https://appliance-lifespan-guide.masterblaster1.chatgpt.site/appliances/refrigerators/life-expectancy/louisiana,https://warrantyindex.com/louisiana/
LA,Louisiana,louisiana,washers,Washing Machines,11.2,7,15,0.91,10.2,6.4,13.7,High,https://appliance-lifespan-guide.masterblaster1.chatgpt.site/visualisation/louisiana,https://appliance-lifespan-guide.masterblaster1.chatgpt.site/appliances/washers/life-expectancy/louisiana,https://warrantyindex.com/louisiana/
LA,Louisiana,louisiana,dryers,Clothes Dryers,12.8,9,17,0.91,11.6,8.2,15.5,High,https://appliance-lifespan-guide.masterblaster1.chatgpt.site/visualisation/louisiana,https://appliance-lifespan-guide.masterblaster1.chatgpt.site/appliances/dryers/life-expectancy/louisiana,https://warrantyindex.com/louisiana/
LA,Louisiana,louisiana,dishwashers,Dishwashers,9.6,7,13,0.91,8.7,6.4,11.8,High,https://appliance-lifespan-guide.masterblaster1.chatgpt.site/visualisation/louisiana,https://appliance-lifespan-guide.masterblaster1.chatgpt.site/appliances/dishwashers/life-expectancy/louisiana,https://warrantyindex.com/louisiana/
LA,Louisiana,louisiana,ranges,Ranges & Ovens,15.5,10,20,0.91,14.1,9.1,18.2,High,https://appliance-lifespan-guide.masterblaster1.chatgpt.site/visualisation/louisiana,https://appliance-lifespan-guide.masterblaster1.chatgpt.site/appliances/ranges/life-expectancy/louisiana,https://warrantyindex.com/louisiana/
LA,Louisiana,louisiana,microwaves,Microwaves,8.2,6,10,0.91,7.5,5.5,9.1,Medium,https://appliance-lifespan-guide.masterblaster1.chatgpt.site/visualisation/louisiana,https://appliance-lifespan-guide.masterblaster1.chatgpt.site/appliances/microwaves/life-expectancy/louisiana,https://warrantyindex.com/louisiana/
ME,Maine,maine,refrigerators,Refrigerators,12.5,9,17,1.03,12.9,9.3,17.5,High,https://appliance-lifespan-guide.masterblaster1.chatgpt.site/visualisation/maine,https://appliance-lifespan-guide.masterblaster1.chatgpt.site/appliances/refrigerators/life-expectancy/maine,https://warrantyindex.com/maine/
ME,Maine,maine,washers,Washing Machines,11.2,7,15,1.03,11.5,7.2,15.5,High,https://appliance-lifespan-guide.masterblaster1.chatgpt.site/visualisation/maine,https://appliance-lifespan-guide.masterblaster1.chatgpt.site/appliances/washers/life-expectancy/maine,https://warrantyindex.com/maine/
ME,Maine,maine,dryers,Clothes Dryers,12.8,9,17,1.03,13.2,9.3,17.5,High,https://appliance-lifespan-guide.masterblaster1.chatgpt.site/visualisation/maine,https://appliance-lifespan-guide.masterblaster1.chatgpt.site/appliances/dryers/life-expectancy/maine,https://warrantyindex.com/maine/
ME,Maine,maine,dishwashers,Dishwashers,9.6,7,13,1.03,9.9,7.2,13.4,High,https://appliance-lifespan-guide.masterblaster1.chatgpt.site/visualisation/maine,https://appliance-lifespan-guide.masterblaster1.chatgpt.site/appliances/dishwashers/life-expectancy/maine,https://warrantyindex.com/maine/
ME,Maine,maine,ranges,Ranges & Ovens,15.5,10,20,1.03,16,10.3,20.6,High,https://appliance-lifespan-guide.masterblaster1.chatgpt.site/visualisation/maine,https://appliance-lifespan-guide.masterblaster1.chatgpt.site/appliances/ranges/life-expectancy/maine,https://warrantyindex.com/maine/
ME,Maine,maine,microwaves,Microwaves,8.2,6,10,1.03,8.4,6.2,10.3,Medium,https://appliance-lifespan-guide.masterblaster1.chatgpt.site/visualisation/maine,https://appliance-lifespan-guide.masterblaster1.chatgpt.site/appliances/microwaves/life-expectancy/maine,https://warrantyindex.com/maine/
MD,Maryland,maryland,refrigerators,Refrigerators,12.5,9,17,0.98,12.3,8.8,16.7,High,https://appliance-lifespan-guide.masterblaster1.chatgpt.site/visualisation/maryland,https://appliance-lifespan-guide.masterblaster1.chatgpt.site/appliances/refrigerators/life-expectancy/maryland,https://warrantyindex.com/maryland/
MD,Maryland,maryland,washers,Washing Machines,11.2,7,15,0.98,11,6.9,14.7,High,https://appliance-lifespan-guide.masterblaster1.chatgpt.site/visualisation/maryland,https://appliance-lifespan-guide.masterblaster1.chatgpt.site/appliances/washers/life-expectancy/maryland,https://warrantyindex.com/maryland/
MD,Maryland,maryland,dryers,Clothes Dryers,12.8,9,17,0.98,12.5,8.8,16.7,High,https://appliance-lifespan-guide.masterblaster1.chatgpt.site/visualisation/maryland,https://appliance-lifespan-guide.masterblaster1.chatgpt.site/appliances/dryers/life-expectancy/maryland,https://warrantyindex.com/maryland/
MD,Maryland,maryland,dishwashers,Dishwashers,9.6,7,13,0.98,9.4,6.9,12.7,High,https://appliance-lifespan-guide.masterblaster1.chatgpt.site/visualisation/maryland,https://appliance-lifespan-guide.masterblaster1.chatgpt.site/appliances/dishwashers/life-expectancy/maryland,https://warrantyindex.com/maryland/
MD,Maryland,maryland,ranges,Ranges & Ovens,15.5,10,20,0.98,15.2,9.8,19.6,High,https://appliance-lifespan-guide.masterblaster1.chatgpt.site/visualisation/maryland,https://appliance-lifespan-guide.masterblaster1.chatgpt.site/appliances/ranges/life-expectancy/maryland,https://warrantyindex.com/maryland/
MD,Maryland,maryland,microwaves,Microwaves,8.2,6,10,0.98,8,5.9,9.8,Medium,https://appliance-lifespan-guide.masterblaster1.chatgpt.site/visualisation/maryland,https://appliance-lifespan-guide.masterblaster1.chatgpt.site/appliances/microwaves/life-expectancy/maryland,https://warrantyindex.com/maryland/
MA,Massachusetts,massachusetts,refrigerators,Refrigerators,12.5,9,17,1.01,12.6,9.1,17.2,High,https://appliance-lifespan-guide.masterblaster1.chatgpt.site/visualisation/massachusetts,https://appliance-lifespan-guide.masterblaster1.chatgpt.site/appliances/refrigerators/life-expectancy/massachusetts,https://warrantyindex.com/massachusetts/
MA,Massachusetts,massachusetts,washers,Washing Machines,11.2,7,15,1.01,11.3,7.1,15.2,High,https://appliance-lifespan-guide.masterblaster1.chatgpt.site/visualisation/massachusetts,https://appliance-lifespan-guide.masterblaster1.chatgpt.site/appliances/washers/life-expectancy/massachusetts,https://warrantyindex.com/massachusetts/
MA,Massachusetts,massachusetts,dryers,Clothes Dryers,12.8,9,17,1.01,12.9,9.1,17.2,High,https://appliance-lifespan-guide.masterblaster1.chatgpt.site/visualisation/massachusetts,https://appliance-lifespan-guide.masterblaster1.chatgpt.site/appliances/dryers/life-expectancy/massachusetts,https://warrantyindex.com/massachusetts/
MA,Massachusetts,massachusetts,dishwashers,Dishwashers,9.6,7,13,1.01,9.7,7.1,13.1,High,https://appliance-lifespan-guide.masterblaster1.chatgpt.site/visualisation/massachusetts,https://appliance-lifespan-guide.masterblaster1.chatgpt.site/appliances/dishwashers/life-expectancy/massachusetts,https://warrantyindex.com/massachusetts/
MA,Massachusetts,massachusetts,ranges,Ranges & Ovens,15.5,10,20,1.01,15.7,10.1,20.2,High,https://appliance-lifespan-guide.masterblaster1.chatgpt.site/visualisation/massachusetts,https://appliance-lifespan-guide.masterblaster1.chatgpt.site/appliances/ranges/life-expectancy/massachusetts,https://warrantyindex.com/massachusetts/
MA,Massachusetts,massachusetts,microwaves,Microwaves,8.2,6,10,1.01,8.3,6.1,10.1,Medium,https://appliance-lifespan-guide.masterblaster1.chatgpt.site/visualisation/massachusetts,https://appliance-lifespan-guide.masterblaster1.chatgpt.site/appliances/microwaves/life-expectancy/massachusetts,https://warrantyindex.com/massachusetts/
MI,Michigan,michigan,refrigerators,Refrigerators,12.5,9,17,1.02,12.8,9.2,17.3,High,https://appliance-lifespan-guide.masterblaster1.chatgpt.site/visualisation/michigan,https://appliance-lifespan-guide.masterblaster1.chatgpt.site/appliances/refrigerators/life-expectancy/michigan,https://warrantyindex.com/michigan/
MI,Michigan,michigan,washers,Washing Machines,11.2,7,15,1.02,11.4,7.1,15.3,High,https://appliance-lifespan-guide.masterblaster1.chatgpt.site/visualisation/michigan,https://appliance-lifespan-guide.masterblaster1.chatgpt.site/appliances/washers/life-expectancy/michigan,https://warrantyindex.com/michigan/
MI,Michigan,michigan,dryers,Clothes Dryers,12.8,9,17,1.02,13.1,9.2,17.3,High,https://appliance-lifespan-guide.masterblaster1.chatgpt.site/visualisation/michigan,https://appliance-lifespan-guide.masterblaster1.chatgpt.site/appliances/dryers/life-expectancy/michigan,https://warrantyindex.com/michigan/
MI,Michigan,michigan,dishwashers,Dishwashers,9.6,7,13,1.02,9.8,7.1,13.3,High,https://appliance-lifespan-guide.masterblaster1.chatgpt.site/visualisation/michigan,https://appliance-lifespan-guide.masterblaster1.chatgpt.site/appliances/dishwashers/life-expectancy/michigan,https://warrantyindex.com/michigan/
MI,Michigan,michigan,ranges,Ranges & Ovens,15.5,10,20,1.02,15.8,10.2,20.4,High,https://appliance-lifespan-guide.masterblaster1.chatgpt.site/visualisation/michigan,https://appliance-lifespan-guide.masterblaster1.chatgpt.site/appliances/ranges/life-expectancy/michigan,https://warrantyindex.com/michigan/
MI,Michigan,michigan,microwaves,Microwaves,8.2,6,10,1.02,8.4,6.1,10.2,Medium,https://appliance-lifespan-guide.masterblaster1.chatgpt.site/visualisation/michigan,https://appliance-lifespan-guide.masterblaster1.chatgpt.site/appliances/microwaves/life-expectancy/michigan,https://warrantyindex.com/michigan/
MN,Minnesota,minnesota,refrigerators,Refrigerators,12.5,9,17,1.03,12.9,9.3,17.5,High,https://appliance-lifespan-guide.masterblaster1.chatgpt.site/visualisation/minnesota,https://appliance-lifespan-guide.masterblaster1.chatgpt.site/appliances/refrigerators/life-expectancy/minnesota,https://warrantyindex.com/minnesota/
MN,Minnesota,minnesota,washers,Washing Machines,11.2,7,15,1.03,11.5,7.2,15.5,High,https://appliance-lifespan-guide.masterblaster1.chatgpt.site/visualisation/minnesota,https://appliance-lifespan-guide.masterblaster1.chatgpt.site/appliances/washers/life-expectancy/minnesota,https://warrantyindex.com/minnesota/
MN,Minnesota,minnesota,dryers,Clothes Dryers,12.8,9,17,1.03,13.2,9.3,17.5,High,https://appliance-lifespan-guide.masterblaster1.chatgpt.site/visualisation/minnesota,https://appliance-lifespan-guide.masterblaster1.chatgpt.site/appliances/dryers/life-expectancy/minnesota,https://warrantyindex.com/minnesota/
MN,Minnesota,minnesota,dishwashers,Dishwashers,9.6,7,13,1.03,9.9,7.2,13.4,High,https://appliance-lifespan-guide.masterblaster1.chatgpt.site/visualisation/minnesota,https://appliance-lifespan-guide.masterblaster1.chatgpt.site/appliances/dishwashers/life-expectancy/minnesota,https://warrantyindex.com/minnesota/
MN,Minnesota,minnesota,ranges,Ranges & Ovens,15.5,10,20,1.03,16,10.3,20.6,High,https://appliance-lifespan-guide.masterblaster1.chatgpt.site/visualisation/minnesota,https://appliance-lifespan-guide.masterblaster1.chatgpt.site/appliances/ranges/life-expectancy/minnesota,https://warrantyindex.com/minnesota/
MN,Minnesota,minnesota,microwaves,Microwaves,8.2,6,10,1.03,8.4,6.2,10.3,Medium,https://appliance-lifespan-guide.masterblaster1.chatgpt.site/visualisation/minnesota,https://appliance-lifespan-guide.masterblaster1.chatgpt.site/appliances/microwaves/life-expectancy/minnesota,https://warrantyindex.com/minnesota/
MS,Mississippi,mississippi,refrigerators,Refrigerators,12.5,9,17,0.93,11.6,8.4,15.8,High,https://appliance-lifespan-guide.masterblaster1.chatgpt.site/visualisation/mississippi,https://appliance-lifespan-guide.masterblaster1.chatgpt.site/appliances/refrigerators/life-expectancy/mississippi,https://warrantyindex.com/mississippi/
MS,Mississippi,mississippi,washers,Washing Machines,11.2,7,15,0.93,10.4,6.5,14,High,https://appliance-lifespan-guide.masterblaster1.chatgpt.site/visualisation/mississippi,https://appliance-lifespan-guide.masterblaster1.chatgpt.site/appliances/washers/life-expectancy/mississippi,https://warrantyindex.com/mississippi/
MS,Mississippi,mississippi,dryers,Clothes Dryers,12.8,9,17,0.93,11.9,8.4,15.8,High,https://appliance-lifespan-guide.masterblaster1.chatgpt.site/visualisation/mississippi,https://appliance-lifespan-guide.masterblaster1.chatgpt.site/appliances/dryers/life-expectancy/mississippi,https://warrantyindex.com/mississippi/
MS,Mississippi,mississippi,dishwashers,Dishwashers,9.6,7,13,0.93,8.9,6.5,12.1,High,https://appliance-lifespan-guide.masterblaster1.chatgpt.site/visualisation/mississippi,https://appliance-lifespan-guide.masterblaster1.chatgpt.site/appliances/dishwashers/life-expectancy/mississippi,https://warrantyindex.com/mississippi/
MS,Mississippi,mississippi,ranges,Ranges & Ovens,15.5,10,20,0.93,14.4,9.3,18.6,High,https://appliance-lifespan-guide.masterblaster1.chatgpt.site/visualisation/mississippi,https://appliance-lifespan-guide.masterblaster1.chatgpt.site/appliances/ranges/life-expectancy/mississippi,https://warrantyindex.com/mississippi/
MS,Mississippi,mississippi,microwaves,Microwaves,8.2,6,10,0.93,7.6,5.6,9.3,Medium,https://appliance-lifespan-guide.masterblaster1.chatgpt.site/visualisation/mississippi,https://appliance-lifespan-guide.masterblaster1.chatgpt.site/appliances/microwaves/life-expectancy/mississippi,https://warrantyindex.com/mississippi/
MO,Missouri,missouri,refrigerators,Refrigerators,12.5,9,17,0.99,12.4,8.9,16.8,High,https://appliance-lifespan-guide.masterblaster1.chatgpt.site/visualisation/missouri,https://appliance-lifespan-guide.masterblaster1.chatgpt.site/appliances/refrigerators/life-expectancy/missouri,https://warrantyindex.com/missouri/
MO,Missouri,missouri,washers,Washing Machines,11.2,7,15,0.99,11.1,6.9,14.8,High,https://appliance-lifespan-guide.masterblaster1.chatgpt.site/visualisation/missouri,https://appliance-lifespan-guide.masterblaster1.chatgpt.site/appliances/washers/life-expectancy/missouri,https://warrantyindex.com/missouri/
MO,Missouri,missouri,dryers,Clothes Dryers,12.8,9,17,0.99,12.7,8.9,16.8,High,https://appliance-lifespan-guide.masterblaster1.chatgpt.site/visualisation/missouri,https://appliance-lifespan-guide.masterblaster1.chatgpt.site/appliances/dryers/life-expectancy/missouri,https://warrantyindex.com/missouri/
MO,Missouri,missouri,dishwashers,Dishwashers,9.6,7,13,0.99,9.5,6.9,12.9,High,https://appliance-lifespan-guide.masterblaster1.chatgpt.site/visualisation/missouri,https://appliance-lifespan-guide.masterblaster1.chatgpt.site/appliances/dishwashers/life-expectancy/missouri,https://warrantyindex.com/missouri/
MO,Missouri,missouri,ranges,Ranges & Ovens,15.5,10,20,0.99,15.3,9.9,19.8,High,https://appliance-lifespan-guide.masterblaster1.chatgpt.site/visualisation/missouri,https://appliance-lifespan-guide.masterblaster1.chatgpt.site/appliances/ranges/life-expectancy/missouri,https://warrantyindex.com/missouri/
MO,Missouri,missouri,microwaves,Microwaves,8.2,6,10,0.99,8.1,5.9,9.9,Medium,https://appliance-lifespan-guide.masterblaster1.chatgpt.site/visualisation/missouri,https://appliance-lifespan-guide.masterblaster1.chatgpt.site/appliances/microwaves/life-expectancy/missouri,https://warrantyindex.com/missouri/
MT,Montana,montana,refrigerators,Refrigerators,12.5,9,17,1.04,13,9.4,17.7,High,https://appliance-lifespan-guide.masterblaster1.chatgpt.site/visualisation/montana,https://appliance-lifespan-guide.masterblaster1.chatgpt.site/appliances/refrigerators/life-expectancy/montana,https://warrantyindex.com/montana/
MT,Montana,montana,washers,Washing Machines,11.2,7,15,1.04,11.6,7.3,15.6,High,https://appliance-lifespan-guide.masterblaster1.chatgpt.site/visualisation/montana,https://appliance-lifespan-guide.masterblaster1.chatgpt.site/appliances/washers/life-expectancy/montana,https://warrantyindex.com/montana/
MT,Montana,montana,dryers,Clothes Dryers,12.8,9,17,1.04,13.3,9.4,17.7,High,https://appliance-lifespan-guide.masterblaster1.chatgpt.site/visualisation/montana,https://appliance-lifespan-guide.masterblaster1.chatgpt.site/appliances/dryers/life-expectancy/montana,https://warrantyindex.com/montana/
MT,Montana,montana,dishwashers,Dishwashers,9.6,7,13,1.04,10,7.3,13.5,High,https://appliance-lifespan-guide.masterblaster1.chatgpt.site/visualisation/montana,https://appliance-lifespan-guide.masterblaster1.chatgpt.site/appliances/dishwashers/life-expectancy/montana,https://warrantyindex.com/montana/
MT,Montana,montana,ranges,Ranges & Ovens,15.5,10,20,1.04,16.1,10.4,20.8,High,https://appliance-lifespan-guide.masterblaster1.chatgpt.site/visualisation/montana,https://appliance-lifespan-guide.masterblaster1.chatgpt.site/appliances/ranges/life-expectancy/montana,https://warrantyindex.com/montana/
MT,Montana,montana,microwaves,Microwaves,8.2,6,10,1.04,8.5,6.2,10.4,Medium,https://appliance-lifespan-guide.masterblaster1.chatgpt.site/visualisation/montana,https://appliance-lifespan-guide.masterblaster1.chatgpt.site/appliances/microwaves/life-expectancy/montana,https://warrantyindex.com/montana/
NE,Nebraska,nebraska,refrigerators,Refrigerators,12.5,9,17,1.01,12.6,9.1,17.2,High,https://appliance-lifespan-guide.masterblaster1.chatgpt.site/visualisation/nebraska,https://appliance-lifespan-guide.masterblaster1.chatgpt.site/appliances/refrigerators/life-expectancy/nebraska,https://warrantyindex.com/nebraska/
NE,Nebraska,nebraska,washers,Washing Machines,11.2,7,15,1.01,11.3,7.1,15.2,High,https://appliance-lifespan-guide.masterblaster1.chatgpt.site/visualisation/nebraska,https://appliance-lifespan-guide.masterblaster1.chatgpt.site/appliances/washers/life-expectancy/nebraska,https://warrantyindex.com/nebraska/
NE,Nebraska,nebraska,dryers,Clothes Dryers,12.8,9,17,1.01,12.9,9.1,17.2,High,https://appliance-lifespan-guide.masterblaster1.chatgpt.site/visualisation/nebraska,https://appliance-lifespan-guide.masterblaster1.chatgpt.site/appliances/dryers/life-expectancy/nebraska,https://warrantyindex.com/nebraska/
NE,Nebraska,nebraska,dishwashers,Dishwashers,9.6,7,13,1.01,9.7,7.1,13.1,High,https://appliance-lifespan-guide.masterblaster1.chatgpt.site/visualisation/nebraska,https://appliance-lifespan-guide.masterblaster1.chatgpt.site/appliances/dishwashers/life-expectancy/nebraska,https://warrantyindex.com/nebraska/
NE,Nebraska,nebraska,ranges,Ranges & Ovens,15.5,10,20,1.01,15.7,10.1,20.2,High,https://appliance-lifespan-guide.masterblaster1.chatgpt.site/visualisation/nebraska,https://appliance-lifespan-guide.masterblaster1.chatgpt.site/appliances/ranges/life-expectancy/nebraska,https://warrantyindex.com/nebraska/
NE,Nebraska,nebraska,microwaves,Microwaves,8.2,6,10,1.01,8.3,6.1,10.1,Medium,https://appliance-lifespan-guide.masterblaster1.chatgpt.site/visualisation/nebraska,https://appliance-lifespan-guide.masterblaster1.chatgpt.site/appliances/microwaves/life-expectancy/nebraska,https://warrantyindex.com/nebraska/
NV,Nevada,nevada,refrigerators,Refrigerators,12.5,9,17,0.96,12,8.6,16.3,High,https://appliance-lifespan-guide.masterblaster1.chatgpt.site/visualisation/nevada,https://appliance-lifespan-guide.masterblaster1.chatgpt.site/appliances/refrigerators/life-expectancy/nevada,https://warrantyindex.com/nevada/
NV,Nevada,nevada,washers,Washing Machines,11.2,7,15,0.96,10.8,6.7,14.4,High,https://appliance-lifespan-guide.masterblaster1.chatgpt.site/visualisation/nevada,https://appliance-lifespan-guide.masterblaster1.chatgpt.site/appliances/washers/life-expectancy/nevada,https://warrantyindex.com/nevada/
NV,Nevada,nevada,dryers,Clothes Dryers,12.8,9,17,0.96,12.3,8.6,16.3,High,https://appliance-lifespan-guide.masterblaster1.chatgpt.site/visualisation/nevada,https://appliance-lifespan-guide.masterblaster1.chatgpt.site/appliances/dryers/life-expectancy/nevada,https://warrantyindex.com/nevada/
NV,Nevada,nevada,dishwashers,Dishwashers,9.6,7,13,0.96,9.2,6.7,12.5,High,https://appliance-lifespan-guide.masterblaster1.chatgpt.site/visualisation/nevada,https://appliance-lifespan-guide.masterblaster1.chatgpt.site/appliances/dishwashers/life-expectancy/nevada,https://warrantyindex.com/nevada/
NV,Nevada,nevada,ranges,Ranges & Ovens,15.5,10,20,0.96,14.9,9.6,19.2,High,https://appliance-lifespan-guide.masterblaster1.chatgpt.site/visualisation/nevada,https://appliance-lifespan-guide.masterblaster1.chatgpt.site/appliances/ranges/life-expectancy/nevada,https://warrantyindex.com/nevada/
NV,Nevada,nevada,microwaves,Microwaves,8.2,6,10,0.96,7.9,5.8,9.6,Medium,https://appliance-lifespan-guide.masterblaster1.chatgpt.site/visualisation/nevada,https://appliance-lifespan-guide.masterblaster1.chatgpt.site/appliances/microwaves/life-expectancy/nevada,https://warrantyindex.com/nevada/
NH,New Hampshire,new-hampshire,refrigerators,Refrigerators,12.5,9,17,1.03,12.9,9.3,17.5,High,https://appliance-lifespan-guide.masterblaster1.chatgpt.site/visualisation/new-hampshire,https://appliance-lifespan-guide.masterblaster1.chatgpt.site/appliances/refrigerators/life-expectancy/new-hampshire,https://warrantyindex.com/new-hampshire/
NH,New Hampshire,new-hampshire,washers,Washing Machines,11.2,7,15,1.03,11.5,7.2,15.5,High,https://appliance-lifespan-guide.masterblaster1.chatgpt.site/visualisation/new-hampshire,https://appliance-lifespan-guide.masterblaster1.chatgpt.site/appliances/washers/life-expectancy/new-hampshire,https://warrantyindex.com/new-hampshire/
NH,New Hampshire,new-hampshire,dryers,Clothes Dryers,12.8,9,17,1.03,13.2,9.3,17.5,High,https://appliance-lifespan-guide.masterblaster1.chatgpt.site/visualisation/new-hampshire,https://appliance-lifespan-guide.masterblaster1.chatgpt.site/appliances/dryers/life-expectancy/new-hampshire,https://warrantyindex.com/new-hampshire/
NH,New Hampshire,new-hampshire,dishwashers,Dishwashers,9.6,7,13,1.03,9.9,7.2,13.4,High,https://appliance-lifespan-guide.masterblaster1.chatgpt.site/visualisation/new-hampshire,https://appliance-lifespan-guide.masterblaster1.chatgpt.site/appliances/dishwashers/life-expectancy/new-hampshire,https://warrantyindex.com/new-hampshire/
NH,New Hampshire,new-hampshire,ranges,Ranges & Ovens,15.5,10,20,1.03,16,10.3,20.6,High,https://appliance-lifespan-guide.masterblaster1.chatgpt.site/visualisation/new-hampshire,https://appliance-lifespan-guide.masterblaster1.chatgpt.site/appliances/ranges/life-expectancy/new-hampshire,https://warrantyindex.com/new-hampshire/
NH,New Hampshire,new-hampshire,microwaves,Microwaves,8.2,6,10,1.03,8.4,6.2,10.3,Medium,https://appliance-lifespan-guide.masterblaster1.chatgpt.site/visualisation/new-hampshire,https://appliance-lifespan-guide.masterblaster1.chatgpt.site/appliances/microwaves/life-expectancy/new-hampshire,https://warrantyindex.com/new-hampshire/
NJ,New Jersey,new-jersey,refrigerators,Refrigerators,12.5,9,17,0.98,12.3,8.8,16.7,High,https://appliance-lifespan-guide.masterblaster1.chatgpt.site/visualisation/new-jersey,https://appliance-lifespan-guide.masterblaster1.chatgpt.site/appliances/refrigerators/life-expectancy/new-jersey,https://warrantyindex.com/new-jersey/
NJ,New Jersey,new-jersey,washers,Washing Machines,11.2,7,15,0.98,11,6.9,14.7,High,https://appliance-lifespan-guide.masterblaster1.chatgpt.site/visualisation/new-jersey,https://appliance-lifespan-guide.masterblaster1.chatgpt.site/appliances/washers/life-expectancy/new-jersey,https://warrantyindex.com/new-jersey/
NJ,New Jersey,new-jersey,dryers,Clothes Dryers,12.8,9,17,0.98,12.5,8.8,16.7,High,https://appliance-lifespan-guide.masterblaster1.chatgpt.site/visualisation/new-jersey,https://appliance-lifespan-guide.masterblaster1.chatgpt.site/appliances/dryers/life-expectancy/new-jersey,https://warrantyindex.com/new-jersey/
NJ,New Jersey,new-jersey,dishwashers,Dishwashers,9.6,7,13,0.98,9.4,6.9,12.7,High,https://appliance-lifespan-guide.masterblaster1.chatgpt.site/visualisation/new-jersey,https://appliance-lifespan-guide.masterblaster1.chatgpt.site/appliances/dishwashers/life-expectancy/new-jersey,https://warrantyindex.com/new-jersey/
NJ,New Jersey,new-jersey,ranges,Ranges & Ovens,15.5,10,20,0.98,15.2,9.8,19.6,High,https://appliance-lifespan-guide.masterblaster1.chatgpt.site/visualisation/new-jersey,https://appliance-lifespan-guide.masterblaster1.chatgpt.site/appliances/ranges/life-expectancy/new-jersey,https://warrantyindex.com/new-jersey/
NJ,New Jersey,new-jersey,microwaves,Microwaves,8.2,6,10,0.98,8,5.9,9.8,Medium,https://appliance-lifespan-guide.masterblaster1.chatgpt.site/visualisation/new-jersey,https://appliance-lifespan-guide.masterblaster1.chatgpt.site/appliances/microwaves/life-expectancy/new-jersey,https://warrantyindex.com/new-jersey/
NM,New Mexico,new-mexico,refrigerators,Refrigerators,12.5,9,17,0.98,12.3,8.8,16.7,High,https://appliance-lifespan-guide.masterblaster1.chatgpt.site/visualisation/new-mexico,https://appliance-lifespan-guide.masterblaster1.chatgpt.site/appliances/refrigerators/life-expectancy/new-mexico,https://warrantyindex.com/new-mexico/
NM,New Mexico,new-mexico,washers,Washing Machines,11.2,7,15,0.98,11,6.9,14.7,High,https://appliance-lifespan-guide.masterblaster1.chatgpt.site/visualisation/new-mexico,https://appliance-lifespan-guide.masterblaster1.chatgpt.site/appliances/washers/life-expectancy/new-mexico,https://warrantyindex.com/new-mexico/
NM,New Mexico,new-mexico,dryers,Clothes Dryers,12.8,9,17,0.98,12.5,8.8,16.7,High,https://appliance-lifespan-guide.masterblaster1.chatgpt.site/visualisation/new-mexico,https://appliance-lifespan-guide.masterblaster1.chatgpt.site/appliances/dryers/life-expectancy/new-mexico,https://warrantyindex.com/new-mexico/
NM,New Mexico,new-mexico,dishwashers,Dishwashers,9.6,7,13,0.98,9.4,6.9,12.7,High,https://appliance-lifespan-guide.masterblaster1.chatgpt.site/visualisation/new-mexico,https://appliance-lifespan-guide.masterblaster1.chatgpt.site/appliances/dishwashers/life-expectancy/new-mexico,https://warrantyindex.com/new-mexico/
NM,New Mexico,new-mexico,ranges,Ranges & Ovens,15.5,10,20,0.98,15.2,9.8,19.6,High,https://appliance-lifespan-guide.masterblaster1.chatgpt.site/visualisation/new-mexico,https://appliance-lifespan-guide.masterblaster1.chatgpt.site/appliances/ranges/life-expectancy/new-mexico,https://warrantyindex.com/new-mexico/
NM,New Mexico,new-mexico,microwaves,Microwaves,8.2,6,10,0.98,8,5.9,9.8,Medium,https://appliance-lifespan-guide.masterblaster1.chatgpt.site/visualisation/new-mexico,https://appliance-lifespan-guide.masterblaster1.chatgpt.site/appliances/microwaves/life-expectancy/new-mexico,https://warrantyindex.com/new-mexico/
NY,New York,new-york,refrigerators,Refrigerators,12.5,9,17,1,12.5,9,17,High,https://appliance-lifespan-guide.masterblaster1.chatgpt.site/visualisation/new-york,https://appliance-lifespan-guide.masterblaster1.chatgpt.site/appliances/refrigerators/life-expectancy/new-york,https://warrantyindex.com/new-york/
NY,New York,new-york,washers,Washing Machines,11.2,7,15,1,11.2,7,15,High,https://appliance-lifespan-guide.masterblaster1.chatgpt.site/visualisation/new-york,https://appliance-lifespan-guide.masterblaster1.chatgpt.site/appliances/washers/life-expectancy/new-york,https://warrantyindex.com/new-york/
NY,New York,new-york,dryers,Clothes Dryers,12.8,9,17,1,12.8,9,17,High,https://appliance-lifespan-guide.masterblaster1.chatgpt.site/visualisation/new-york,https://appliance-lifespan-guide.masterblaster1.chatgpt.site/appliances/dryers/life-expectancy/new-york,https://warrantyindex.com/new-york/
NY,New York,new-york,dishwashers,Dishwashers,9.6,7,13,1,9.6,7,13,High,https://appliance-lifespan-guide.masterblaster1.chatgpt.site/visualisation/new-york,https://appliance-lifespan-guide.masterblaster1.chatgpt.site/appliances/dishwashers/life-expectancy/new-york,https://warrantyindex.com/new-york/
NY,New York,new-york,ranges,Ranges & Ovens,15.5,10,20,1,15.5,10,20,High,https://appliance-lifespan-guide.masterblaster1.chatgpt.site/visualisation/new-york,https://appliance-lifespan-guide.masterblaster1.chatgpt.site/appliances/ranges/life-expectancy/new-york,https://warrantyindex.com/new-york/
NY,New York,new-york,microwaves,Microwaves,8.2,6,10,1,8.2,6,10,Medium,https://appliance-lifespan-guide.masterblaster1.chatgpt.site/visualisation/new-york,https://appliance-lifespan-guide.masterblaster1.chatgpt.site/appliances/microwaves/life-expectancy/new-york,https://warrantyindex.com/new-york/
NC,North Carolina,north-carolina,refrigerators,Refrigerators,12.5,9,17,0.96,12,8.6,16.3,High,https://appliance-lifespan-guide.masterblaster1.chatgpt.site/visualisation/north-carolina,https://appliance-lifespan-guide.masterblaster1.chatgpt.site/appliances/refrigerators/life-expectancy/north-carolina,https://warrantyindex.com/north-carolina/
NC,North Carolina,north-carolina,washers,Washing Machines,11.2,7,15,0.96,10.8,6.7,14.4,High,https://appliance-lifespan-guide.masterblaster1.chatgpt.site/visualisation/north-carolina,https://appliance-lifespan-guide.masterblaster1.chatgpt.site/appliances/washers/life-expectancy/north-carolina,https://warrantyindex.com/north-carolina/
NC,North Carolina,north-carolina,dryers,Clothes Dryers,12.8,9,17,0.96,12.3,8.6,16.3,High,https://appliance-lifespan-guide.masterblaster1.chatgpt.site/visualisation/north-carolina,https://appliance-lifespan-guide.masterblaster1.chatgpt.site/appliances/dryers/life-expectancy/north-carolina,https://warrantyindex.com/north-carolina/
NC,North Carolina,north-carolina,dishwashers,Dishwashers,9.6,7,13,0.96,9.2,6.7,12.5,High,https://appliance-lifespan-guide.masterblaster1.chatgpt.site/visualisation/north-carolina,https://appliance-lifespan-guide.masterblaster1.chatgpt.site/appliances/dishwashers/life-expectancy/north-carolina,https://warrantyindex.com/north-carolina/
NC,North Carolina,north-carolina,ranges,Ranges & Ovens,15.5,10,20,0.96,14.9,9.6,19.2,High,https://appliance-lifespan-guide.masterblaster1.chatgpt.site/visualisation/north-carolina,https://appliance-lifespan-guide.masterblaster1.chatgpt.site/appliances/ranges/life-expectancy/north-carolina,https://warrantyindex.com/north-carolina/
NC,North Carolina,north-carolina,microwaves,Microwaves,8.2,6,10,0.96,7.9,5.8,9.6,Medium,https://appliance-lifespan-guide.masterblaster1.chatgpt.site/visualisation/north-carolina,https://appliance-lifespan-guide.masterblaster1.chatgpt.site/appliances/microwaves/life-expectancy/north-carolina,https://warrantyindex.com/north-carolina/
ND,North Dakota,north-dakota,refrigerators,Refrigerators,12.5,9,17,1.04,13,9.4,17.7,High,https://appliance-lifespan-guide.masterblaster1.chatgpt.site/visualisation/north-dakota,https://appliance-lifespan-guide.masterblaster1.chatgpt.site/appliances/refrigerators/life-expectancy/north-dakota,https://warrantyindex.com/north-dakota/
ND,North Dakota,north-dakota,washers,Washing Machines,11.2,7,15,1.04,11.6,7.3,15.6,High,https://appliance-lifespan-guide.masterblaster1.chatgpt.site/visualisation/north-dakota,https://appliance-lifespan-guide.masterblaster1.chatgpt.site/appliances/washers/life-expectancy/north-dakota,https://warrantyindex.com/north-dakota/
ND,North Dakota,north-dakota,dryers,Clothes Dryers,12.8,9,17,1.04,13.3,9.4,17.7,High,https://appliance-lifespan-guide.masterblaster1.chatgpt.site/visualisation/north-dakota,https://appliance-lifespan-guide.masterblaster1.chatgpt.site/appliances/dryers/life-expectancy/north-dakota,https://warrantyindex.com/north-dakota/
ND,North Dakota,north-dakota,dishwashers,Dishwashers,9.6,7,13,1.04,10,7.3,13.5,High,https://appliance-lifespan-guide.masterblaster1.chatgpt.site/visualisation/north-dakota,https://appliance-lifespan-guide.masterblaster1.chatgpt.site/appliances/dishwashers/life-expectancy/north-dakota,https://warrantyindex.com/north-dakota/
ND,North Dakota,north-dakota,ranges,Ranges & Ovens,15.5,10,20,1.04,16.1,10.4,20.8,High,https://appliance-lifespan-guide.masterblaster1.chatgpt.site/visualisation/north-dakota,https://appliance-lifespan-guide.masterblaster1.chatgpt.site/appliances/ranges/life-expectancy/north-dakota,https://warrantyindex.com/north-dakota/
ND,North Dakota,north-dakota,microwaves,Microwaves,8.2,6,10,1.04,8.5,6.2,10.4,Medium,https://appliance-lifespan-guide.masterblaster1.chatgpt.site/visualisation/north-dakota,https://appliance-lifespan-guide.masterblaster1.chatgpt.site/appliances/microwaves/life-expectancy/north-dakota,https://warrantyindex.com/north-dakota/
OH,Ohio,ohio,refrigerators,Refrigerators,12.5,9,17,1,12.5,9,17,High,https://appliance-lifespan-guide.masterblaster1.chatgpt.site/visualisation/ohio,https://appliance-lifespan-guide.masterblaster1.chatgpt.site/appliances/refrigerators/life-expectancy/ohio,https://warrantyindex.com/ohio/
OH,Ohio,ohio,washers,Washing Machines,11.2,7,15,1,11.2,7,15,High,https://appliance-lifespan-guide.masterblaster1.chatgpt.site/visualisation/ohio,https://appliance-lifespan-guide.masterblaster1.chatgpt.site/appliances/washers/life-expectancy/ohio,https://warrantyindex.com/ohio/
OH,Ohio,ohio,dryers,Clothes Dryers,12.8,9,17,1,12.8,9,17,High,https://appliance-lifespan-guide.masterblaster1.chatgpt.site/visualisation/ohio,https://appliance-lifespan-guide.masterblaster1.chatgpt.site/appliances/dryers/life-expectancy/ohio,https://warrantyindex.com/ohio/
OH,Ohio,ohio,dishwashers,Dishwashers,9.6,7,13,1,9.6,7,13,High,https://appliance-lifespan-guide.masterblaster1.chatgpt.site/visualisation/ohio,https://appliance-lifespan-guide.masterblaster1.chatgpt.site/appliances/dishwashers/life-expectancy/ohio,https://warrantyindex.com/ohio/
OH,Ohio,ohio,ranges,Ranges & Ovens,15.5,10,20,1,15.5,10,20,High,https://appliance-lifespan-guide.masterblaster1.chatgpt.site/visualisation/ohio,https://appliance-lifespan-guide.masterblaster1.chatgpt.site/appliances/ranges/life-expectancy/ohio,https://warrantyindex.com/ohio/
OH,Ohio,ohio,microwaves,Microwaves,8.2,6,10,1,8.2,6,10,Medium,https://appliance-lifespan-guide.masterblaster1.chatgpt.site/visualisation/ohio,https://appliance-lifespan-guide.masterblaster1.chatgpt.site/appliances/microwaves/life-expectancy/ohio,https://warrantyindex.com/ohio/
OK,Oklahoma,oklahoma,refrigerators,Refrigerators,12.5,9,17,0.97,12.1,8.7,16.5,High,https://appliance-lifespan-guide.masterblaster1.chatgpt.site/visualisation/oklahoma,https://appliance-lifespan-guide.masterblaster1.chatgpt.site/appliances/refrigerators/life-expectancy/oklahoma,https://warrantyindex.com/oklahoma/
OK,Oklahoma,oklahoma,washers,Washing Machines,11.2,7,15,0.97,10.9,6.8,14.5,High,https://appliance-lifespan-guide.masterblaster1.chatgpt.site/visualisation/oklahoma,https://appliance-lifespan-guide.masterblaster1.chatgpt.site/appliances/washers/life-expectancy/oklahoma,https://warrantyindex.com/oklahoma/
OK,Oklahoma,oklahoma,dryers,Clothes Dryers,12.8,9,17,0.97,12.4,8.7,16.5,High,https://appliance-lifespan-guide.masterblaster1.chatgpt.site/visualisation/oklahoma,https://appliance-lifespan-guide.masterblaster1.chatgpt.site/appliances/dryers/life-expectancy/oklahoma,https://warrantyindex.com/oklahoma/
OK,Oklahoma,oklahoma,dishwashers,Dishwashers,9.6,7,13,0.97,9.3,6.8,12.6,High,https://appliance-lifespan-guide.masterblaster1.chatgpt.site/visualisation/oklahoma,https://appliance-lifespan-guide.masterblaster1.chatgpt.site/appliances/dishwashers/life-expectancy/oklahoma,https://warrantyindex.com/oklahoma/
OK,Oklahoma,oklahoma,ranges,Ranges & Ovens,15.5,10,20,0.97,15,9.7,19.4,High,https://appliance-lifespan-guide.masterblaster1.chatgpt.site/visualisation/oklahoma,https://appliance-lifespan-guide.masterblaster1.chatgpt.site/appliances/ranges/life-expectancy/oklahoma,https://warrantyindex.com/oklahoma/
OK,Oklahoma,oklahoma,microwaves,Microwaves,8.2,6,10,0.97,8,5.8,9.7,Medium,https://appliance-lifespan-guide.masterblaster1.chatgpt.site/visualisation/oklahoma,https://appliance-lifespan-guide.masterblaster1.chatgpt.site/appliances/microwaves/life-expectancy/oklahoma,https://warrantyindex.com/oklahoma/
OR,Oregon,oregon,refrigerators,Refrigerators,12.5,9,17,1.01,12.6,9.1,17.2,High,https://appliance-lifespan-guide.masterblaster1.chatgpt.site/visualisation/oregon,https://appliance-lifespan-guide.masterblaster1.chatgpt.site/appliances/refrigerators/life-expectancy/oregon,https://warrantyindex.com/oregon/
OR,Oregon,oregon,washers,Washing Machines,11.2,7,15,1.01,11.3,7.1,15.2,High,https://appliance-lifespan-guide.masterblaster1.chatgpt.site/visualisation/oregon,https://appliance-lifespan-guide.masterblaster1.chatgpt.site/appliances/washers/life-expectancy/oregon,https://warrantyindex.com/oregon/
OR,Oregon,oregon,dryers,Clothes Dryers,12.8,9,17,1.01,12.9,9.1,17.2,High,https://appliance-lifespan-guide.masterblaster1.chatgpt.site/visualisation/oregon,https://appliance-lifespan-guide.masterblaster1.chatgpt.site/appliances/dryers/life-expectancy/oregon,https://warrantyindex.com/oregon/
OR,Oregon,oregon,dishwashers,Dishwashers,9.6,7,13,1.01,9.7,7.1,13.1,High,https://appliance-lifespan-guide.masterblaster1.chatgpt.site/visualisation/oregon,https://appliance-lifespan-guide.masterblaster1.chatgpt.site/appliances/dishwashers/life-expectancy/oregon,https://warrantyindex.com/oregon/
OR,Oregon,oregon,ranges,Ranges & Ovens,15.5,10,20,1.01,15.7,10.1,20.2,High,https://appliance-lifespan-guide.masterblaster1.chatgpt.site/visualisation/oregon,https://appliance-lifespan-guide.masterblaster1.chatgpt.site/appliances/ranges/life-expectancy/oregon,https://warrantyindex.com/oregon/
OR,Oregon,oregon,microwaves,Microwaves,8.2,6,10,1.01,8.3,6.1,10.1,Medium,https://appliance-lifespan-guide.masterblaster1.chatgpt.site/visualisation/oregon,https://appliance-lifespan-guide.masterblaster1.chatgpt.site/appliances/microwaves/life-expectancy/oregon,https://warrantyindex.com/oregon/
PA,Pennsylvania,pennsylvania,refrigerators,Refrigerators,12.5,9,17,1,12.5,9,17,High,https://appliance-lifespan-guide.masterblaster1.chatgpt.site/visualisation/pennsylvania,https://appliance-lifespan-guide.masterblaster1.chatgpt.site/appliances/refrigerators/life-expectancy/pennsylvania,https://warrantyindex.com/pennsylvania/
PA,Pennsylvania,pennsylvania,washers,Washing Machines,11.2,7,15,1,11.2,7,15,High,https://appliance-lifespan-guide.masterblaster1.chatgpt.site/visualisation/pennsylvania,https://appliance-lifespan-guide.masterblaster1.chatgpt.site/appliances/washers/life-expectancy/pennsylvania,https://warrantyindex.com/pennsylvania/
PA,Pennsylvania,pennsylvania,dryers,Clothes Dryers,12.8,9,17,1,12.8,9,17,High,https://appliance-lifespan-guide.masterblaster1.chatgpt.site/visualisation/pennsylvania,https://appliance-lifespan-guide.masterblaster1.chatgpt.site/appliances/dryers/life-expectancy/pennsylvania,https://warrantyindex.com/pennsylvania/
PA,Pennsylvania,pennsylvania,dishwashers,Dishwashers,9.6,7,13,1,9.6,7,13,High,https://appliance-lifespan-guide.masterblaster1.chatgpt.site/visualisation/pennsylvania,https://appliance-lifespan-guide.masterblaster1.chatgpt.site/appliances/dishwashers/life-expectancy/pennsylvania,https://warrantyindex.com/pennsylvania/
PA,Pennsylvania,pennsylvania,ranges,Ranges & Ovens,15.5,10,20,1,15.5,10,20,High,https://appliance-lifespan-guide.masterblaster1.chatgpt.site/visualisation/pennsylvania,https://appliance-lifespan-guide.masterblaster1.chatgpt.site/appliances/ranges/life-expectancy/pennsylvania,https://warrantyindex.com/pennsylvania/
PA,Pennsylvania,pennsylvania,microwaves,Microwaves,8.2,6,10,1,8.2,6,10,Medium,https://appliance-lifespan-guide.masterblaster1.chatgpt.site/visualisation/pennsylvania,https://appliance-lifespan-guide.masterblaster1.chatgpt.site/appliances/microwaves/life-expectancy/pennsylvania,https://warrantyindex.com/pennsylvania/
RI,Rhode Island,rhode-island,refrigerators,Refrigerators,12.5,9,17,0.98,12.3,8.8,16.7,High,https://appliance-lifespan-guide.masterblaster1.chatgpt.site/visualisation/rhode-island,https://appliance-lifespan-guide.masterblaster1.chatgpt.site/appliances/refrigerators/life-expectancy/rhode-island,https://warrantyindex.com/rhode-island/
RI,Rhode Island,rhode-island,washers,Washing Machines,11.2,7,15,0.98,11,6.9,14.7,High,https://appliance-lifespan-guide.masterblaster1.chatgpt.site/visualisation/rhode-island,https://appliance-lifespan-guide.masterblaster1.chatgpt.site/appliances/washers/life-expectancy/rhode-island,https://warrantyindex.com/rhode-island/
RI,Rhode Island,rhode-island,dryers,Clothes Dryers,12.8,9,17,0.98,12.5,8.8,16.7,High,https://appliance-lifespan-guide.masterblaster1.chatgpt.site/visualisation/rhode-island,https://appliance-lifespan-guide.masterblaster1.chatgpt.site/appliances/dryers/life-expectancy/rhode-island,https://warrantyindex.com/rhode-island/
RI,Rhode Island,rhode-island,dishwashers,Dishwashers,9.6,7,13,0.98,9.4,6.9,12.7,High,https://appliance-lifespan-guide.masterblaster1.chatgpt.site/visualisation/rhode-island,https://appliance-lifespan-guide.masterblaster1.chatgpt.site/appliances/dishwashers/life-expectancy/rhode-island,https://warrantyindex.com/rhode-island/
RI,Rhode Island,rhode-island,ranges,Ranges & Ovens,15.5,10,20,0.98,15.2,9.8,19.6,High,https://appliance-lifespan-guide.masterblaster1.chatgpt.site/visualisation/rhode-island,https://appliance-lifespan-guide.masterblaster1.chatgpt.site/appliances/ranges/life-expectancy/rhode-island,https://warrantyindex.com/rhode-island/
RI,Rhode Island,rhode-island,microwaves,Microwaves,8.2,6,10,0.98,8,5.9,9.8,Medium,https://appliance-lifespan-guide.masterblaster1.chatgpt.site/visualisation/rhode-island,https://appliance-lifespan-guide.masterblaster1.chatgpt.site/appliances/microwaves/life-expectancy/rhode-island,https://warrantyindex.com/rhode-island/
SC,South Carolina,south-carolina,refrigerators,Refrigerators,12.5,9,17,0.94,11.8,8.5,16,High,https://appliance-lifespan-guide.masterblaster1.chatgpt.site/visualisation/south-carolina,https://appliance-lifespan-guide.masterblaster1.chatgpt.site/appliances/refrigerators/life-expectancy/south-carolina,https://warrantyindex.com/south-carolina/
SC,South Carolina,south-carolina,washers,Washing Machines,11.2,7,15,0.94,10.5,6.6,14.1,High,https://appliance-lifespan-guide.masterblaster1.chatgpt.site/visualisation/south-carolina,https://appliance-lifespan-guide.masterblaster1.chatgpt.site/appliances/washers/life-expectancy/south-carolina,https://warrantyindex.com/south-carolina/
SC,South Carolina,south-carolina,dryers,Clothes Dryers,12.8,9,17,0.94,12,8.5,16,High,https://appliance-lifespan-guide.masterblaster1.chatgpt.site/visualisation/south-carolina,https://appliance-lifespan-guide.masterblaster1.chatgpt.site/appliances/dryers/life-expectancy/south-carolina,https://warrantyindex.com/south-carolina/
SC,South Carolina,south-carolina,dishwashers,Dishwashers,9.6,7,13,0.94,9,6.6,12.2,High,https://appliance-lifespan-guide.masterblaster1.chatgpt.site/visualisation/south-carolina,https://appliance-lifespan-guide.masterblaster1.chatgpt.site/appliances/dishwashers/life-expectancy/south-carolina,https://warrantyindex.com/south-carolina/
SC,South Carolina,south-carolina,ranges,Ranges & Ovens,15.5,10,20,0.94,14.6,9.4,18.8,High,https://appliance-lifespan-guide.masterblaster1.chatgpt.site/visualisation/south-carolina,https://appliance-lifespan-guide.masterblaster1.chatgpt.site/appliances/ranges/life-expectancy/south-carolina,https://warrantyindex.com/south-carolina/
SC,South Carolina,south-carolina,microwaves,Microwaves,8.2,6,10,0.94,7.7,5.6,9.4,Medium,https://appliance-lifespan-guide.masterblaster1.chatgpt.site/visualisation/south-carolina,https://appliance-lifespan-guide.masterblaster1.chatgpt.site/appliances/microwaves/life-expectancy/south-carolina,https://warrantyindex.com/south-carolina/
SD,South Dakota,south-dakota,refrigerators,Refrigerators,12.5,9,17,1.03,12.9,9.3,17.5,High,https://appliance-lifespan-guide.masterblaster1.chatgpt.site/visualisation/south-dakota,https://appliance-lifespan-guide.masterblaster1.chatgpt.site/appliances/refrigerators/life-expectancy/south-dakota,https://warrantyindex.com/south-dakota/
SD,South Dakota,south-dakota,washers,Washing Machines,11.2,7,15,1.03,11.5,7.2,15.5,High,https://appliance-lifespan-guide.masterblaster1.chatgpt.site/visualisation/south-dakota,https://appliance-lifespan-guide.masterblaster1.chatgpt.site/appliances/washers/life-expectancy/south-dakota,https://warrantyindex.com/south-dakota/
SD,South Dakota,south-dakota,dryers,Clothes Dryers,12.8,9,17,1.03,13.2,9.3,17.5,High,https://appliance-lifespan-guide.masterblaster1.chatgpt.site/visualisation/south-dakota,https://appliance-lifespan-guide.masterblaster1.chatgpt.site/appliances/dryers/life-expectancy/south-dakota,https://warrantyindex.com/south-dakota/
SD,South Dakota,south-dakota,dishwashers,Dishwashers,9.6,7,13,1.03,9.9,7.2,13.4,High,https://appliance-lifespan-guide.masterblaster1.chatgpt.site/visualisation/south-dakota,https://appliance-lifespan-guide.masterblaster1.chatgpt.site/appliances/dishwashers/life-expectancy/south-dakota,https://warrantyindex.com/south-dakota/
SD,South Dakota,south-dakota,ranges,Ranges & Ovens,15.5,10,20,1.03,16,10.3,20.6,High,https://appliance-lifespan-guide.masterblaster1.chatgpt.site/visualisation/south-dakota,https://appliance-lifespan-guide.masterblaster1.chatgpt.site/appliances/ranges/life-expectancy/south-dakota,https://warrantyindex.com/south-dakota/
SD,South Dakota,south-dakota,microwaves,Microwaves,8.2,6,10,1.03,8.4,6.2,10.3,Medium,https://appliance-lifespan-guide.masterblaster1.chatgpt.site/visualisation/south-dakota,https://appliance-lifespan-guide.masterblaster1.chatgpt.site/appliances/microwaves/life-expectancy/south-dakota,https://warrantyindex.com/south-dakota/
TN,Tennessee,tennessee,refrigerators,Refrigerators,12.5,9,17,0.96,12,8.6,16.3,High,https://appliance-lifespan-guide.masterblaster1.chatgpt.site/visualisation/tennessee,https://appliance-lifespan-guide.masterblaster1.chatgpt.site/appliances/refrigerators/life-expectancy/tennessee,https://warrantyindex.com/tennessee/
TN,Tennessee,tennessee,washers,Washing Machines,11.2,7,15,0.96,10.8,6.7,14.4,High,https://appliance-lifespan-guide.masterblaster1.chatgpt.site/visualisation/tennessee,https://appliance-lifespan-guide.masterblaster1.chatgpt.site/appliances/washers/life-expectancy/tennessee,https://warrantyindex.com/tennessee/
TN,Tennessee,tennessee,dryers,Clothes Dryers,12.8,9,17,0.96,12.3,8.6,16.3,High,https://appliance-lifespan-guide.masterblaster1.chatgpt.site/visualisation/tennessee,https://appliance-lifespan-guide.masterblaster1.chatgpt.site/appliances/dryers/life-expectancy/tennessee,https://warrantyindex.com/tennessee/
TN,Tennessee,tennessee,dishwashers,Dishwashers,9.6,7,13,0.96,9.2,6.7,12.5,High,https://appliance-lifespan-guide.masterblaster1.chatgpt.site/visualisation/tennessee,https://appliance-lifespan-guide.masterblaster1.chatgpt.site/appliances/dishwashers/life-expectancy/tennessee,https://warrantyindex.com/tennessee/
TN,Tennessee,tennessee,ranges,Ranges & Ovens,15.5,10,20,0.96,14.9,9.6,19.2,High,https://appliance-lifespan-guide.masterblaster1.chatgpt.site/visualisation/tennessee,https://appliance-lifespan-guide.masterblaster1.chatgpt.site/appliances/ranges/life-expectancy/tennessee,https://warrantyindex.com/tennessee/
TN,Tennessee,tennessee,microwaves,Microwaves,8.2,6,10,0.96,7.9,5.8,9.6,Medium,https://appliance-lifespan-guide.masterblaster1.chatgpt.site/visualisation/tennessee,https://appliance-lifespan-guide.masterblaster1.chatgpt.site/appliances/microwaves/life-expectancy/tennessee,https://warrantyindex.com/tennessee/
TX,Texas,texas,refrigerators,Refrigerators,12.5,9,17,0.93,11.6,8.4,15.8,High,https://appliance-lifespan-guide.masterblaster1.chatgpt.site/visualisation/texas,https://appliance-lifespan-guide.masterblaster1.chatgpt.site/appliances/refrigerators/life-expectancy/texas,https://warrantyindex.com/texas/
TX,Texas,texas,washers,Washing Machines,11.2,7,15,0.93,10.4,6.5,14,High,https://appliance-lifespan-guide.masterblaster1.chatgpt.site/visualisation/texas,https://appliance-lifespan-guide.masterblaster1.chatgpt.site/appliances/washers/life-expectancy/texas,https://warrantyindex.com/texas/
TX,Texas,texas,dryers,Clothes Dryers,12.8,9,17,0.93,11.9,8.4,15.8,High,https://appliance-lifespan-guide.masterblaster1.chatgpt.site/visualisation/texas,https://appliance-lifespan-guide.masterblaster1.chatgpt.site/appliances/dryers/life-expectancy/texas,https://warrantyindex.com/texas/
TX,Texas,texas,dishwashers,Dishwashers,9.6,7,13,0.93,8.9,6.5,12.1,High,https://appliance-lifespan-guide.masterblaster1.chatgpt.site/visualisation/texas,https://appliance-lifespan-guide.masterblaster1.chatgpt.site/appliances/dishwashers/life-expectancy/texas,https://warrantyindex.com/texas/
TX,Texas,texas,ranges,Ranges & Ovens,15.5,10,20,0.93,14.4,9.3,18.6,High,https://appliance-lifespan-guide.masterblaster1.chatgpt.site/visualisation/texas,https://appliance-lifespan-guide.masterblaster1.chatgpt.site/appliances/ranges/life-expectancy/texas,https://warrantyindex.com/texas/
TX,Texas,texas,microwaves,Microwaves,8.2,6,10,0.93,7.6,5.6,9.3,Medium,https://appliance-lifespan-guide.masterblaster1.chatgpt.site/visualisation/texas,https://appliance-lifespan-guide.masterblaster1.chatgpt.site/appliances/microwaves/life-expectancy/texas,https://warrantyindex.com/texas/
UT,Utah,utah,refrigerators,Refrigerators,12.5,9,17,1,12.5,9,17,High,https://appliance-lifespan-guide.masterblaster1.chatgpt.site/visualisation/utah,https://appliance-lifespan-guide.masterblaster1.chatgpt.site/appliances/refrigerators/life-expectancy/utah,https://warrantyindex.com/utah/
UT,Utah,utah,washers,Washing Machines,11.2,7,15,1,11.2,7,15,High,https://appliance-lifespan-guide.masterblaster1.chatgpt.site/visualisation/utah,https://appliance-lifespan-guide.masterblaster1.chatgpt.site/appliances/washers/life-expectancy/utah,https://warrantyindex.com/utah/
UT,Utah,utah,dryers,Clothes Dryers,12.8,9,17,1,12.8,9,17,High,https://appliance-lifespan-guide.masterblaster1.chatgpt.site/visualisation/utah,https://appliance-lifespan-guide.masterblaster1.chatgpt.site/appliances/dryers/life-expectancy/utah,https://warrantyindex.com/utah/
UT,Utah,utah,dishwashers,Dishwashers,9.6,7,13,1,9.6,7,13,High,https://appliance-lifespan-guide.masterblaster1.chatgpt.site/visualisation/utah,https://appliance-lifespan-guide.masterblaster1.chatgpt.site/appliances/dishwashers/life-expectancy/utah,https://warrantyindex.com/utah/
UT,Utah,utah,ranges,Ranges & Ovens,15.5,10,20,1,15.5,10,20,High,https://appliance-lifespan-guide.masterblaster1.chatgpt.site/visualisation/utah,https://appliance-lifespan-guide.masterblaster1.chatgpt.site/appliances/ranges/life-expectancy/utah,https://warrantyindex.com/utah/
UT,Utah,utah,microwaves,Microwaves,8.2,6,10,1,8.2,6,10,Medium,https://appliance-lifespan-guide.masterblaster1.chatgpt.site/visualisation/utah,https://appliance-lifespan-guide.masterblaster1.chatgpt.site/appliances/microwaves/life-expectancy/utah,https://warrantyindex.com/utah/
VT,Vermont,vermont,refrigerators,Refrigerators,12.5,9,17,1.03,12.9,9.3,17.5,High,https://appliance-lifespan-guide.masterblaster1.chatgpt.site/visualisation/vermont,https://appliance-lifespan-guide.masterblaster1.chatgpt.site/appliances/refrigerators/life-expectancy/vermont,https://warrantyindex.com/vermont/
VT,Vermont,vermont,washers,Washing Machines,11.2,7,15,1.03,11.5,7.2,15.5,High,https://appliance-lifespan-guide.masterblaster1.chatgpt.site/visualisation/vermont,https://appliance-lifespan-guide.masterblaster1.chatgpt.site/appliances/washers/life-expectancy/vermont,https://warrantyindex.com/vermont/
VT,Vermont,vermont,dryers,Clothes Dryers,12.8,9,17,1.03,13.2,9.3,17.5,High,https://appliance-lifespan-guide.masterblaster1.chatgpt.site/visualisation/vermont,https://appliance-lifespan-guide.masterblaster1.chatgpt.site/appliances/dryers/life-expectancy/vermont,https://warrantyindex.com/vermont/
VT,Vermont,vermont,dishwashers,Dishwashers,9.6,7,13,1.03,9.9,7.2,13.4,High,https://appliance-lifespan-guide.masterblaster1.chatgpt.site/visualisation/vermont,https://appliance-lifespan-guide.masterblaster1.chatgpt.site/appliances/dishwashers/life-expectancy/vermont,https://warrantyindex.com/vermont/
VT,Vermont,vermont,ranges,Ranges & Ovens,15.5,10,20,1.03,16,10.3,20.6,High,https://appliance-lifespan-guide.masterblaster1.chatgpt.site/visualisation/vermont,https://appliance-lifespan-guide.masterblaster1.chatgpt.site/appliances/ranges/life-expectancy/vermont,https://warrantyindex.com/vermont/
VT,Vermont,vermont,microwaves,Microwaves,8.2,6,10,1.03,8.4,6.2,10.3,Medium,https://appliance-lifespan-guide.masterblaster1.chatgpt.site/visualisation/vermont,https://appliance-lifespan-guide.masterblaster1.chatgpt.site/appliances/microwaves/life-expectancy/vermont,https://warrantyindex.com/vermont/
VA,Virginia,virginia,refrigerators,Refrigerators,12.5,9,17,0.98,12.3,8.8,16.7,High,https://appliance-lifespan-guide.masterblaster1.chatgpt.site/visualisation/virginia,https://appliance-lifespan-guide.masterblaster1.chatgpt.site/appliances/refrigerators/life-expectancy/virginia,https://warrantyindex.com/virginia/
VA,Virginia,virginia,washers,Washing Machines,11.2,7,15,0.98,11,6.9,14.7,High,https://appliance-lifespan-guide.masterblaster1.chatgpt.site/visualisation/virginia,https://appliance-lifespan-guide.masterblaster1.chatgpt.site/appliances/washers/life-expectancy/virginia,https://warrantyindex.com/virginia/
VA,Virginia,virginia,dryers,Clothes Dryers,12.8,9,17,0.98,12.5,8.8,16.7,High,https://appliance-lifespan-guide.masterblaster1.chatgpt.site/visualisation/virginia,https://appliance-lifespan-guide.masterblaster1.chatgpt.site/appliances/dryers/life-expectancy/virginia,https://warrantyindex.com/virginia/
VA,Virginia,virginia,dishwashers,Dishwashers,9.6,7,13,0.98,9.4,6.9,12.7,High,https://appliance-lifespan-guide.masterblaster1.chatgpt.site/visualisation/virginia,https://appliance-lifespan-guide.masterblaster1.chatgpt.site/appliances/dishwashers/life-expectancy/virginia,https://warrantyindex.com/virginia/
VA,Virginia,virginia,ranges,Ranges & Ovens,15.5,10,20,0.98,15.2,9.8,19.6,High,https://appliance-lifespan-guide.masterblaster1.chatgpt.site/visualisation/virginia,https://appliance-lifespan-guide.masterblaster1.chatgpt.site/appliances/ranges/life-expectancy/virginia,https://warrantyindex.com/virginia/
VA,Virginia,virginia,microwaves,Microwaves,8.2,6,10,0.98,8,5.9,9.8,Medium,https://appliance-lifespan-guide.masterblaster1.chatgpt.site/visualisation/virginia,https://appliance-lifespan-guide.masterblaster1.chatgpt.site/appliances/microwaves/life-expectancy/virginia,https://warrantyindex.com/virginia/
WA,Washington,washington,refrigerators,Refrigerators,12.5,9,17,1.01,12.6,9.1,17.2,High,https://appliance-lifespan-guide.masterblaster1.chatgpt.site/visualisation/washington,https://appliance-lifespan-guide.masterblaster1.chatgpt.site/appliances/refrigerators/life-expectancy/washington,https://warrantyindex.com/washington/
WA,Washington,washington,washers,Washing Machines,11.2,7,15,1.01,11.3,7.1,15.2,High,https://appliance-lifespan-guide.masterblaster1.chatgpt.site/visualisation/washington,https://appliance-lifespan-guide.masterblaster1.chatgpt.site/appliances/washers/life-expectancy/washington,https://warrantyindex.com/washington/
WA,Washington,washington,dryers,Clothes Dryers,12.8,9,17,1.01,12.9,9.1,17.2,High,https://appliance-lifespan-guide.masterblaster1.chatgpt.site/visualisation/washington,https://appliance-lifespan-guide.masterblaster1.chatgpt.site/appliances/dryers/life-expectancy/washington,https://warrantyindex.com/washington/
WA,Washington,washington,dishwashers,Dishwashers,9.6,7,13,1.01,9.7,7.1,13.1,High,https://appliance-lifespan-guide.masterblaster1.chatgpt.site/visualisation/washington,https://appliance-lifespan-guide.masterblaster1.chatgpt.site/appliances/dishwashers/life-expectancy/washington,https://warrantyindex.com/washington/
WA,Washington,washington,ranges,Ranges & Ovens,15.5,10,20,1.01,15.7,10.1,20.2,High,https://appliance-lifespan-guide.masterblaster1.chatgpt.site/visualisation/washington,https://appliance-lifespan-guide.masterblaster1.chatgpt.site/appliances/ranges/life-expectancy/washington,https://warrantyindex.com/washington/
WA,Washington,washington,microwaves,Microwaves,8.2,6,10,1.01,8.3,6.1,10.1,Medium,https://appliance-lifespan-guide.masterblaster1.chatgpt.site/visualisation/washington,https://appliance-lifespan-guide.masterblaster1.chatgpt.site/appliances/microwaves/life-expectancy/washington,https://warrantyindex.com/washington/
WV,West Virginia,west-virginia,refrigerators,Refrigerators,12.5,9,17,0.99,12.4,8.9,16.8,High,https://appliance-lifespan-guide.masterblaster1.chatgpt.site/visualisation/west-virginia,https://appliance-lifespan-guide.masterblaster1.chatgpt.site/appliances/refrigerators/life-expectancy/west-virginia,https://warrantyindex.com/west-virginia/
WV,West Virginia,west-virginia,washers,Washing Machines,11.2,7,15,0.99,11.1,6.9,14.8,High,https://appliance-lifespan-guide.masterblaster1.chatgpt.site/visualisation/west-virginia,https://appliance-lifespan-guide.masterblaster1.chatgpt.site/appliances/washers/life-expectancy/west-virginia,https://warrantyindex.com/west-virginia/
WV,West Virginia,west-virginia,dryers,Clothes Dryers,12.8,9,17,0.99,12.7,8.9,16.8,High,https://appliance-lifespan-guide.masterblaster1.chatgpt.site/visualisation/west-virginia,https://appliance-lifespan-guide.masterblaster1.chatgpt.site/appliances/dryers/life-expectancy/west-virginia,https://warrantyindex.com/west-virginia/
WV,West Virginia,west-virginia,dishwashers,Dishwashers,9.6,7,13,0.99,9.5,6.9,12.9,High,https://appliance-lifespan-guide.masterblaster1.chatgpt.site/visualisation/west-virginia,https://appliance-lifespan-guide.masterblaster1.chatgpt.site/appliances/dishwashers/life-expectancy/west-virginia,https://warrantyindex.com/west-virginia/
WV,West Virginia,west-virginia,ranges,Ranges & Ovens,15.5,10,20,0.99,15.3,9.9,19.8,High,https://appliance-lifespan-guide.masterblaster1.chatgpt.site/visualisation/west-virginia,https://appliance-lifespan-guide.masterblaster1.chatgpt.site/appliances/ranges/life-expectancy/west-virginia,https://warrantyindex.com/west-virginia/
WV,West Virginia,west-virginia,microwaves,Microwaves,8.2,6,10,0.99,8.1,5.9,9.9,Medium,https://appliance-lifespan-guide.masterblaster1.chatgpt.site/visualisation/west-virginia,https://appliance-lifespan-guide.masterblaster1.chatgpt.site/appliances/microwaves/life-expectancy/west-virginia,https://warrantyindex.com/west-virginia/
WI,Wisconsin,wisconsin,refrigerators,Refrigerators,12.5,9,17,1.03,12.9,9.3,17.5,High,https://appliance-lifespan-guide.masterblaster1.chatgpt.site/visualisation/wisconsin,https://appliance-lifespan-guide.masterblaster1.chatgpt.site/appliances/refrigerators/life-expectancy/wisconsin,https://warrantyindex.com/wisconsin/
WI,Wisconsin,wisconsin,washers,Washing Machines,11.2,7,15,1.03,11.5,7.2,15.5,High,https://appliance-lifespan-guide.masterblaster1.chatgpt.site/visualisation/wisconsin,https://appliance-lifespan-guide.masterblaster1.chatgpt.site/appliances/washers/life-expectancy/wisconsin,https://warrantyindex.com/wisconsin/
WI,Wisconsin,wisconsin,dryers,Clothes Dryers,12.8,9,17,1.03,13.2,9.3,17.5,High,https://appliance-lifespan-guide.masterblaster1.chatgpt.site/visualisation/wisconsin,https://appliance-lifespan-guide.masterblaster1.chatgpt.site/appliances/dryers/life-expectancy/wisconsin,https://warrantyindex.com/wisconsin/
WI,Wisconsin,wisconsin,dishwashers,Dishwashers,9.6,7,13,1.03,9.9,7.2,13.4,High,https://appliance-lifespan-guide.masterblaster1.chatgpt.site/visualisation/wisconsin,https://appliance-lifespan-guide.masterblaster1.chatgpt.site/appliances/dishwashers/life-expectancy/wisconsin,https://warrantyindex.com/wisconsin/
WI,Wisconsin,wisconsin,ranges,Ranges & Ovens,15.5,10,20,1.03,16,10.3,20.6,High,https://appliance-lifespan-guide.masterblaster1.chatgpt.site/visualisation/wisconsin,https://appliance-lifespan-guide.masterblaster1.chatgpt.site/appliances/ranges/life-expectancy/wisconsin,https://warrantyindex.com/wisconsin/
WI,Wisconsin,wisconsin,microwaves,Microwaves,8.2,6,10,1.03,8.4,6.2,10.3,Medium,https://appliance-lifespan-guide.masterblaster1.chatgpt.site/visualisation/wisconsin,https://appliance-lifespan-guide.masterblaster1.chatgpt.site/appliances/microwaves/life-expectancy/wisconsin,https://warrantyindex.com/wisconsin/
WY,Wyoming,wyoming,refrigerators,Refrigerators,12.5,9,17,1.04,13,9.4,17.7,High,https://appliance-lifespan-guide.masterblaster1.chatgpt.site/visualisation/wyoming,https://appliance-lifespan-guide.masterblaster1.chatgpt.site/appliances/refrigerators/life-expectancy/wyoming,https://warrantyindex.com/wyoming/
WY,Wyoming,wyoming,washers,Washing Machines,11.2,7,15,1.04,11.6,7.3,15.6,High,https://appliance-lifespan-guide.masterblaster1.chatgpt.site/visualisation/wyoming,https://appliance-lifespan-guide.masterblaster1.chatgpt.site/appliances/washers/life-expectancy/wyoming,https://warrantyindex.com/wyoming/
WY,Wyoming,wyoming,dryers,Clothes Dryers,12.8,9,17,1.04,13.3,9.4,17.7,High,https://appliance-lifespan-guide.masterblaster1.chatgpt.site/visualisation/wyoming,https://appliance-lifespan-guide.masterblaster1.chatgpt.site/appliances/dryers/life-expectancy/wyoming,https://warrantyindex.com/wyoming/
WY,Wyoming,wyoming,dishwashers,Dishwashers,9.6,7,13,1.04,10,7.3,13.5,High,https://appliance-lifespan-guide.masterblaster1.chatgpt.site/visualisation/wyoming,https://appliance-lifespan-guide.masterblaster1.chatgpt.site/appliances/dishwashers/life-expectancy/wyoming,https://warrantyindex.com/wyoming/
WY,Wyoming,wyoming,ranges,Ranges & Ovens,15.5,10,20,1.04,16.1,10.4,20.8,High,https://appliance-lifespan-guide.masterblaster1.chatgpt.site/visualisation/wyoming,https://appliance-lifespan-guide.masterblaster1.chatgpt.site/appliances/ranges/life-expectancy/wyoming,https://warrantyindex.com/wyoming/
WY,Wyoming,wyoming,microwaves,Microwaves,8.2,6,10,1.04,8.5,6.2,10.4,Medium,https://appliance-lifespan-guide.masterblaster1.chatgpt.site/visualisation/wyoming,https://appliance-lifespan-guide.masterblaster1.chatgpt.site/appliances/microwaves/life-expectancy/wyoming,https://warrantyindex.com/wyoming/
